{"val_loss": [0.0, 11.037821808376828, 9.98742339417741, 8.768241263724661, 7.640307658427471, 6.747365732450743, 6.073780394889213, 5.5922414161063525, 5.213384550970954, 4.906559022697243, 4.6487638370410815, 3.965702008556675, 3.730519758688437, 3.487888310406659, 3.3602896703256144, 3.2111085556648873, 3.168144058536839, 3.0547566188348307, 3.03427517414093, 2.9137701150533317, 2.9574849992185026, 2.8093352962184595, 2.7876767918870256, 2.747860637870995, 2.7438215758349442, 2.723053777540052, 2.6957669451430037, 2.677131324201017, 2.7298885583877563, 2.6450172984922253, 2.6749877092000602, 2.628260038994454, 2.6342319894481347, 2.6043485403060913, 2.5833820072380274, 2.5862518838933997, 2.5611834719374373, 2.564892862294171, 2.5736080955814673, 2.5768340374972367, 2.575940937609286], "val_acc": [0.0, 0.05970228040540541, 0.08419552364864864, 0.1234691722972973, 0.22123099662162163, 0.2950802364864865, 0.33044763513513514, 0.3483424831081081, 0.38312922297297297, 0.39236697635135137, 0.4131123310810811, 0.5471389358108109, 0.5878378378378378, 0.6276393581081081, 0.654613597972973, 0.6783678209459459, 0.6784206081081081, 0.6932538006756757, 0.7008023648648649, 0.7100929054054054, 0.7120460304054054, 0.7313661317567568, 0.7334776182432432, 0.7323163006756757, 0.7317356418918919, 0.7311021959459459, 0.732421875, 0.7351668074324325, 0.7243454391891891, 0.7348500844594594, 0.7279349662162162, 0.7379117398648649, 0.7377005912162162, 0.7394425675675675, 0.7419235641891891, 0.73828125, 0.7415012668918919, 0.7421875, 0.7384396114864865, 0.7349028716216216, 0.7360641891891891], "loss": [0.0, 11.570473142572352, 10.606281963554588, 9.593489556699186, 8.578747130729056, 7.6858223773337695, 6.950826915534767, 6.37884790832932, 5.925035206047264, 5.570205830238961, 5.257433575552863, 4.73761459299036, 4.205573813335316, 3.878285140604586, 3.6110898642926603, 3.3762486979768083, 3.1843158747698808, 3.0049677185110144, 2.8585864820995845, 2.7118565842912004, 2.5799564026497506, 2.444291069700911, 2.3325907732989335, 2.259972884848311, 2.200499811687985, 2.134452700614929, 2.0862090958131327, 2.0303491434535466, 1.9848393717327633, 1.9409131133878552, 1.8961538624119114, 1.8373018245439272, 1.7939721007604856, 1.7792966494689118, 1.7498467467926644, 1.723702698140531, 1.706813461071736, 1.683396102608861, 1.6566066919146358, 1.6422097344656248, 1.6249754767160158], "acc": [0.0, 0.01293285472972973, 0.03077491554054054, 0.06297508445945946, 0.10942778716216216, 0.15324113175675674, 0.19953547297297297, 0.2321579391891892, 0.2546452702702703, 0.28066934121621623, 0.3051625844594595, 0.37827280405405406, 0.4741342905405405, 0.5251266891891891, 0.5738492398648649, 0.6165012668918919, 0.6537162162162162, 0.6879222972972973, 0.7139463682432432, 0.745090793918919, 0.7661528716216216, 0.7951858108108109, 0.8159839527027027, 0.8298141891891891, 0.8355152027027027, 0.8515097128378378, 0.8567884290540541, 0.8650760135135135, 0.8690878378378378, 0.8784311655405406, 0.8871938344594594, 0.8968538851351351, 0.9073057432432432, 0.9058277027027027, 0.9113175675675675, 0.9133762668918919, 0.9160684121621622, 0.91796875, 0.9244615709459459, 0.9248838682432432, 0.9256228885135135]}