{"val_loss": [0.0, 4.834226502312554, 4.82201928803415, 4.8162938946425315, 4.81009672948407, 4.8063877632320935, 4.806877200450962, 4.810589440342553, 4.820957339572585, 4.834004458353576, 4.854809830084393, 4.866825002612489, 4.877915135136357, 4.8851255953111234, 4.893142001797455, 4.901597668426206, 4.9118543441849525, 4.925507073450571, 4.935063731389415, 4.945034778479374, 4.959089028714883, 4.964569066108678, 4.971166371496438, 4.977309869194673, 4.98407906715316, 4.9909985924409295, 4.994629874373928, 5.002292332825838, 5.006856874986128, 5.012611270352245, 5.023266231973564, 5.023367804710311, 5.026832689741243, 5.03252347952589, 5.032281612306331, 5.035837659932146, 5.04023685680094, 5.043581988273647, 5.0441747016778296, 5.049456898210828, 5.052788803473065], "val_acc": [0.0, 0.016203703703703703, 0.017887205387205386, 0.014993686868686868, 0.021464646464646464, 0.020833333333333332, 0.02156986531986532, 0.012257996632996633, 0.012205387205387205, 0.012205387205387205, 0.012257996632996633, 0.01341540404040404, 0.016308922558922558, 0.015940656565656564, 0.01099537037037037, 0.009259259259259259, 0.008627946127946129, 0.008312289562289563, 0.008259680134680135, 0.008259680134680135, 0.008259680134680135, 0.008207070707070708, 0.008259680134680135, 0.008259680134680135, 0.008207070707070708, 0.008207070707070708, 0.008207070707070708, 0.008207070707070708, 0.008207070707070708, 0.008259680134680135, 0.008207070707070708, 0.008207070707070708, 0.008207070707070708, 0.008207070707070708, 0.008207070707070708, 0.008207070707070708, 0.008207070707070708, 0.008207070707070708, 0.008207070707070708, 0.008207070707070708, 0.008207070707070708], "loss": [0.0, 5.339986066690227, 4.907586907380379, 4.7847722184738055, 4.7042581955058465, 4.592955678901417, 4.463546016872329, 4.301135741624256, 4.11408504383676, 3.950230205619095, 3.7673273398572165, 3.65147992028486, 3.5999269581481115, 3.5298995939677194, 3.5153098090383033, 3.4589209660587694, 3.4175070732231907, 3.366421655520497, 3.354439830620017, 3.3079543937772713, 3.2501041425154513, 3.232972472306066, 3.2100144400692625, 3.1566861355864764, 3.130769921629221, 3.111068671181698, 3.08168831127602, 3.052702118886397, 3.0401446395272376, 3.0022240797145257, 2.9705499194612437, 2.950450221964177, 2.948523477419911, 2.929945922537938, 2.9241700236429304, 2.909959228246804, 2.897710328934177, 2.883804042067304, 2.8764975190962723, 2.866629666930077, 2.856274188764943], "acc": [0.0, 0.011587667785234899, 0.019242869127516778, 0.02537751677852349, 0.038066275167785234, 0.05384857382550336, 0.07151845637583892, 0.09448406040268456, 0.11970427852348993, 0.1412541946308725, 0.16615981543624161, 0.1803166946308725, 0.18849622483221476, 0.19688548657718122, 0.19782927852348994, 0.20590394295302014, 0.21518456375838926, 0.21890729865771813, 0.2211094798657718, 0.22687709731543623, 0.23846476510067113, 0.2376258389261745, 0.24313129194630873, 0.2545616610738255, 0.25718330536912754, 0.26153523489932884, 0.26504823825503354, 0.26725041946308725, 0.2757969798657718, 0.2797818791946309, 0.28266568791946306, 0.28439597315436244, 0.28638842281879195, 0.2897441275167785, 0.2918414429530201, 0.286493288590604, 0.2958787751677852, 0.29524958053691275, 0.3013842281879195, 0.29975880872483224, 0.3062080536912752]}