{"val_loss": [0.0, 4.823933654361301, 5.079007599891637, 5.7191282233806575, 5.668266824600271, 5.8572056574452205, 5.995562821526319, 6.293166451181225, 6.565257133458198, 6.554441824505225, 6.381411224904687, 5.213584888663758, 4.975543759085915, 5.09154729489927, 5.039058129795473, 5.039622945817633, 5.694466659918377, 6.987617025471697, 5.136538980785845, 5.195488942592633, 6.26684559234465, 5.667586723160664, 7.895006349993876, 5.796340587564591, 6.31633981711134, 7.8791804939809476, 6.347684312749792, 5.623313969634599, 5.624219186378248, 5.949774865750913, 7.487672275967068, 8.133585425739739, 7.84212398047399, 8.615806020871558, 9.536131486346825, 8.693409874784425, 7.662886993652241, 8.221761912207812, 7.31096178112608, 7.26604779079707, 6.03108461135967], "val_acc": [0.0, 0.009943181818181818, 0.006523569023569023, 0.008259680134680135, 0.007891414141414142, 0.010732323232323232, 0.008101851851851851, 0.008312289562289563, 0.008312289562289563, 0.008312289562289563, 0.008259680134680135, 0.008312289562289563, 0.008312289562289563, 0.008312289562289563, 0.008312289562289563, 0.008312289562289563, 0.008312289562289563, 0.013468013468013467, 0.002788299663299663, 0.007628367003367003, 0.008312289562289563, 0.008312289562289563, 0.008312289562289563, 0.008312289562289563, 0.008312289562289563, 0.008312289562289563, 0.008312289562289563, 0.008312289562289563, 0.008312289562289563, 0.008312289562289563, 0.008312289562289563, 0.008312289562289563, 0.008312289562289563, 0.008312289562289563, 0.008312289562289563, 0.008312289562289563, 0.008312289562289563, 0.008312289562289563, 0.008312289562289563, 0.008312289562289563, 0.008312289562289563], "loss": [0.0, 4.7802812525089955, 3.8523535744455835, 3.124329982187924, 2.7138123600274926, 2.432721405221312, 2.2370204517505314, 2.0900359185750053, 1.9780520596760232, 1.86221391402635, 1.7930033078929721, 1.724325659291056, 1.4546050643360855, 1.2903987739310168, 1.1462052064453996, 1.0569949206089813, 0.972072699726028, 0.9030207665574631, 0.8380865568682652, 0.7819883456366175, 0.739906335837089, 0.564011687900396, 0.4746648666742664, 0.42484142790054713, 0.39671747131435664, 0.3576670678819986, 0.3426483387515049, 0.33367606404943756, 0.31758592805306385, 0.290315072183441, 0.2807942707616611, 0.21753622829014022, 0.19012538187405806, 0.16553100074747665, 0.1590217799323317, 0.15201372376974398, 0.15090158996140998, 0.1315088997838781, 0.12598991248406619, 0.12723802372925733, 0.12364579636866115], "acc": [0.0, 0.03492030201342282, 0.14592072147651006, 0.24632969798657717, 0.31596057046979864, 0.3724832214765101, 0.41343330536912754, 0.45197147651006714, 0.4721057046979866, 0.4984270134228188, 0.5135276845637584, 0.5406354865771812, 0.6022441275167785, 0.6412017617449665, 0.6798972315436241, 0.7033347315436241, 0.7265100671140939, 0.740981543624161, 0.7578125, 0.7738045302013423, 0.786440855704698, 0.8346791107382551, 0.8583263422818792, 0.8722210570469798, 0.8779886744966443, 0.8907822986577181, 0.8969169463087249, 0.8989093959731543, 0.9029467281879194, 0.9111262583892618, 0.9169463087248322, 0.9341967281879194, 0.9448930369127517, 0.9474098154362416, 0.9521287751677853, 0.9526531040268457, 0.9565855704697986, 0.9608326342281879, 0.9611472315436241, 0.9621958892617449, 0.9636640100671141]}