{"val_loss": [0.0, 2.9948368296527224, 2.1572533413867823, 1.8523083585220694, 1.6797206613841473, 1.579113571035782, 1.513294575598416, 1.471916502354129, 1.4255265971558206, 1.3878053376738657, 1.3563097291344763, 1.3387776943261191, 1.311433268673468, 1.2955745314591682, 1.2501522292626783, 1.228425574182664, 1.205037217412219, 1.261965097796997, 1.3312428507628857, 1.2794118871624838, 1.3293864052967737, 1.4053054577952264, 1.359151128154473, 1.3813149789035721, 1.4171049840898322, 1.457546945386285, 1.5471059379961667, 1.5187747678500694, 1.5372884343534508, 1.5291914109815687, 1.58882674574852, 1.5601775836224523, 1.655335123706984, 1.629170961628024, 1.6673274132229339, 1.7215791098623467, 1.720492081154113, 1.6970736814425296, 1.7759663894672522, 1.7242155717123275, 1.749856962453599], "val_acc": [0.0, 0.2674077181208054, 0.42911073825503354, 0.490929110738255, 0.5369651845637584, 0.5594588926174496, 0.5753460570469798, 0.5866715604026845, 0.59626677852349, 0.6052328020134228, 0.6161912751677853, 0.626205956375839, 0.6322357382550335, 0.6392093120805369, 0.6599203020134228, 0.6649538590604027, 0.6724517617449665, 0.6703020134228188, 0.6603397651006712, 0.6744442114093959, 0.6727139261744967, 0.660234899328859, 0.6716128355704698, 0.6781145134228188, 0.6677328020134228, 0.6759647651006712, 0.677065855704698, 0.6779572147651006, 0.6786912751677853, 0.6769609899328859, 0.6794777684563759, 0.6863989093959731, 0.6866610738255033, 0.6920092281879194, 0.6813129194630873, 0.6779572147651006, 0.6851405201342282, 0.6923238255033557, 0.6817323825503355, 0.6871329697986577, 0.6902789429530202], "loss": [0.0, 4.198287683845367, 2.8214732608539146, 2.2682633984008893, 2.018594540605609, 1.8354988770196903, 1.6966104243425715, 1.5998841868150955, 1.5188479203505805, 1.4314589946462004, 1.3768231846742183, 1.46331548730799, 1.1842393631103054, 1.0217097297610853, 0.8960607883914206, 0.7830721925969092, 0.7016425886810226, 0.6151658250581498, 0.5500476898362973, 0.47474073813665635, 0.4254425872092279, 0.48879369023262254, 0.3836741661965447, 0.3325013133303431, 0.2857405142046061, 0.2558050095634973, 0.2277946299404506, 0.20245810339364828, 0.19615730308246293, 0.1773271466036571, 0.15418769161673201, 0.15105023807627244, 0.11912312670517088, 0.12221742783916877, 0.09572285646572709, 0.0993317384429076, 0.08215095463127597, 0.09083585577998185, 0.08411941198544615, 0.07622357382557836, 0.08483100442790845], "acc": [0.0, 0.08777265100671142, 0.27286073825503354, 0.3837562919463087, 0.4395448825503356, 0.4867344798657718, 0.5197147651006712, 0.5457739093959731, 0.5631816275167785, 0.5844169463087249, 0.600199244966443, 0.5825293624161074, 0.6490142617449665, 0.6884437919463087, 0.7250943791946308, 0.7561346476510067, 0.7750629194630873, 0.8057885906040269, 0.824140100671141, 0.8430683724832215, 0.8617869127516778, 0.8404991610738255, 0.8739513422818792, 0.8907822986577181, 0.9031564597315436, 0.9143246644295302, 0.9269609899328859, 0.9320994127516778, 0.9362416107382551, 0.9421140939597316, 0.9477244127516778, 0.9498217281879194, 0.9618812919463087, 0.9602034395973155, 0.9705851510067114, 0.9678586409395973, 0.9746224832214765, 0.9719484060402684, 0.9739932885906041, 0.9755138422818792, 0.9755138422818792]}