{"acc": [0.03999162479061977, 0.08631700167504187, 0.14028475711892796, 0.1971314907872697, 0.24277638190954773, 0.3179962311557789, 0.34432579564489113, 0.3707077051926298, 0.39824120603015073, 0.43284128978224456, 0.4860238693467337, 0.5039782244556114, 0.5186348408710217, 0.5379501675041876, 0.5575272194304858, 0.6106574539363484, 0.6231155778894473, 0.6330087939698492, 0.6475607202680067, 0.6571922110552764, 0.7028371021775545, 0.7156616415410385, 0.7219953936348409, 0.7255025125628141, 0.7422529313232831, 0.7736599664991625, 0.7797319932998324, 0.7844953936348409, 0.7929752931323283, 0.8020833333333334, 0.8207181742043551, 0.8246963986599665, 0.8278371021775545, 0.8365263819095478, 0.8395100502512562, 0.8555276381909548, 0.8544807370184254, 0.8534861809045227, 0.864321608040201, 0.8658396147403685, 0.758322864321608, 0.7599455611390284, 0.7783186767169179, 0.7863274706867671, 0.8016122278056952, 0.8534338358458962, 0.8643739530988275, 0.8698178391959799, 0.8818048576214406, 0.8853119765494137], "val_acc": [0.06480704697986577, 0.09721057046979865, 0.12059563758389262, 0.21644295302013422, 0.20721476510067113, 0.26478607382550334, 0.2966128355704698, 0.2749056208053691, 0.2835046140939597, 0.34375, 0.40735109060402686, 0.39628775167785235, 0.3991715604026846, 0.4319945469798658, 0.42932046979865773, 0.4680683724832215, 0.44043624161073824, 0.45679530201342283, 0.45354446308724833, 0.4695364932885906, 0.46581375838926176, 0.4758284395973154, 0.4508703859060403, 0.47016568791946306, 0.49187290268456374, 0.5040897651006712, 0.501205956375839, 0.5050335570469798, 0.49507130872483224, 0.48039010067114096, 0.5057151845637584, 0.5072357382550335, 0.509123322147651, 0.5087038590604027, 0.5057151845637584, 0.5123217281879194, 0.5098573825503355, 0.5149958053691275, 0.5106963087248322, 0.5113779362416108, 0.4476719798657718, 0.4280096476510067, 0.4477768456375839, 0.4508703859060403, 0.4123846476510067, 0.4954907718120805, 0.49208263422818793, 0.4863674496644295, 0.4921875, 0.4898280201342282], "loss": [4.783725498110006, 4.158106721625655, 3.757764027545999, 3.398599316726378, 3.140173175626464, 2.7813838880066095, 2.6226492445273215, 2.4736906713377094, 2.331079222648787, 2.208390073959951, 1.958298378254301, 1.8722182496308881, 1.792763080029831, 1.7069124288894424, 1.6271672324718942, 1.432795891410342, 1.373161368134433, 1.3286510060979693, 1.2747450777434024, 1.2227543075280374, 1.0761382833397768, 1.0368942144128745, 0.9900691867673417, 0.9727126605546654, 0.9267506855516577, 0.83174347358333, 0.7997098052421806, 0.7794426565793291, 0.7536679076739092, 0.7240521934763271, 0.6639965370771673, 0.6522889933993469, 0.6397870145550925, 0.6142456896940068, 0.5949648289724411, 0.5641376720850592, 0.5534370223456492, 0.5568085142865253, 0.5265299981862457, 0.520554536076846, 0.8187969150754875, 0.8205865412401394, 0.7664802207219941, 0.7263881355723744, 0.6793500140084693, 0.5343367549991688, 0.4977047321335155, 0.4723043292136847, 0.44026580308150604, 0.42205830844403114], "val_loss": [4.425398426167917, 4.053616872569859, 3.896082579289507, 3.2830106936045143, 3.3220385657060865, 3.0035280533284947, 2.84010205732896, 2.940918285174658, 2.9356668307477194, 2.6172985992575653, 2.3366775508695, 2.435356384755781, 2.4225202122790703, 2.262637395386728, 2.280117147320869, 2.1095833154332717, 2.24852667118879, 2.1559060445967937, 2.207990408743788, 2.0998860431597537, 2.120497130907622, 2.101478683068448, 2.245919704837287, 2.1608704146522806, 2.0708157480163063, 2.008428484801478, 2.0348794289283303, 2.023422121601617, 2.06869082582877, 2.133443240751356, 2.0315664235577486, 2.0128471185296974, 2.0252506953957896, 2.0180164225549504, 2.0315681488921977, 2.0003475791855947, 2.0118416050736534, 2.006391387857847, 2.0176942256473054, 2.0248709387027177, 2.470725815168163, 2.4711218668310435, 2.434383072309046, 2.49321475405021, 2.646810922046636, 2.206738534989773, 2.221142068605295, 2.276110488896402, 2.236547827620634, 2.260765609625202]}