{"val_loss": [0.0, 4.615822452826788, 3.630878852517813, 2.840214613300042, 2.4337966746131845, 2.154443720443137, 1.9592359730061268, 1.841928861285216, 1.7542642454973003, 1.6719985552282142, 1.6162588948371426, 1.5283745679279301, 1.410808425821714, 1.3601464617172343, 1.3151861593227259, 1.2963802004420517, 1.2412419817191642, 1.2068252853499164, 1.2201697630370223, 1.190794855956263, 1.1999772503071984, 1.181436694008392, 1.1906113958598783, 1.190811494652857, 1.2141205208413552, 1.2314663259375016, 1.2371860262531562, 1.2256052068015872, 1.2955630337631943, 1.2974446555912094, 1.2997310015579198, 1.336290821533075, 1.314198701173667, 1.3870940698473246, 1.35975909653126, 1.4053301927227302, 1.3931741548464602, 1.4127902170555704, 1.414347373199143, 1.4422588018362954, 1.503961839131861], "val_acc": [0.0, 0.06066484899328859, 0.18991191275167785, 0.3152789429530201, 0.3883703859060403, 0.4377621644295302, 0.48196308724832215, 0.5022546140939598, 0.5284186241610739, 0.54157927852349, 0.5514366610738255, 0.5772336409395973, 0.6033976510067114, 0.6142512583892618, 0.6320260067114094, 0.6372692953020134, 0.6512164429530202, 0.6618603187919463, 0.657455956375839, 0.6650587248322147, 0.6664219798657718, 0.6742344798657718, 0.6746015100671141, 0.6807361577181208, 0.6824664429530202, 0.6822567114093959, 0.6779572147651006, 0.6867135067114094, 0.6747588087248322, 0.6805264261744967, 0.6789010067114094, 0.6824664429530202, 0.6894400167785235, 0.68498322147651, 0.6940541107382551, 0.6859794463087249, 0.6930578859060402, 0.6964135906040269, 0.6949979026845637, 0.6903313758389261, 0.6846686241610739], "loss": [0.0, 4.8557225601785134, 4.3425911120920375, 3.5704452015409536, 3.0551076735426115, 2.72980697363015, 2.475570351485438, 2.303901999588781, 2.1536253346692797, 2.0369401386120174, 1.9426075732147934, 1.8609892025889967, 1.6366651074198268, 1.5055681499058768, 1.3968225331514474, 1.2907188802757519, 1.1863225478453925, 1.11196693598024, 1.008690151192198, 0.9487549828602964, 0.8567439657729744, 0.8350728836235584, 0.7275017729941631, 0.6714112187591975, 0.5996886870805049, 0.5452861380857109, 0.5048067421721132, 0.4799883125112361, 0.4223420597962885, 0.40541982170719426, 0.3583189974095197, 0.3177988685717519, 0.2856561664566898, 0.2655907607318571, 0.23708254556427866, 0.22706621060235388, 0.2110058350251025, 0.1917430668094214, 0.18218131344640415, 0.18517114942105825, 0.16144172194720113], "acc": [0.0, 0.020343959731543623, 0.06774328859060402, 0.1490666946308725, 0.22378355704697986, 0.2890625, 0.3392407718120805, 0.37458053691275167, 0.4087143456375839, 0.4407508389261745, 0.46209102348993286, 0.48322147651006714, 0.533924077181208, 0.5653838087248322, 0.5931732382550335, 0.6206480704697986, 0.6417260906040269, 0.6639052013422819, 0.6944735738255033, 0.7064282718120806, 0.7325398489932886, 0.7391463926174496, 0.7660444630872483, 0.7873322147651006, 0.8050020973154363, 0.8237730704697986, 0.8367764261744967, 0.8433305369127517, 0.8627307046979866, 0.8684458892617449, 0.8812395134228188, 0.8967596476510067, 0.9066170302013423, 0.9140100671140939, 0.9223468959731543, 0.9264890939597316, 0.9319945469798657, 0.9382864932885906, 0.9416946308724832, 0.9422713926174496, 0.9501887583892618]}