{"val_loss": [0.0, 4.803967095710136, 4.749088970390526, 4.655630788287601, 4.463232401255015, 4.159094050123885, 3.8088536778011837, 3.5187303311115987, 3.249953315064714, 3.0012362873232044, 2.8538783756462305, 2.4218139873968587, 2.1289414505700806, 1.9369452370179665, 1.787918648204288, 1.7004338518993274, 1.580856181479789, 1.5421294312219362, 1.468920429010649, 1.4806812147836428, 1.391836651273676, 1.4246200790276398, 1.3760763487300358, 1.408162716272715, 1.3921682657422245, 1.4172087118432328, 1.401524492212244, 1.4095761115486558, 1.407830152962659, 1.3946749374673173, 1.423522702745489, 1.4142381758303255, 1.4194612406395577, 1.46127012774751, 1.447499613504152, 1.442172366219598, 1.4765146632452268, 1.462568014054685, 1.4923315467061222, 1.5001499620643821, 1.4861431009060628], "val_acc": [0.0, 0.04819467905405406, 0.046822212837837836, 0.05241765202702703, 0.0757495777027027, 0.1082664695945946, 0.14790962837837837, 0.17525337837837837, 0.22592905405405406, 0.26446368243243246, 0.2797191722972973, 0.3935810810810811, 0.4579814189189189, 0.4817356418918919, 0.5191089527027027, 0.5539484797297297, 0.5836148648648649, 0.5897381756756757, 0.6132284628378378, 0.6151815878378378, 0.6337098817567568, 0.6407833614864865, 0.6504434121621622, 0.6501266891891891, 0.6618982263513513, 0.6573057432432432, 0.6598923141891891, 0.6615815033783784, 0.6662795608108109, 0.6746199324324325, 0.6734058277027027, 0.6772065033783784, 0.6788429054054054, 0.674831081081081, 0.6786317567567568, 0.680637668918919, 0.6784206081081081, 0.6820629222972973, 0.6817461993243243, 0.6821157094594594, 0.6844911317567568], "loss": [0.0, 4.927306974256361, 4.803052689578082, 4.755881986102542, 4.669999696112968, 4.514092355161099, 4.302222058579728, 4.077503091580159, 3.8602867319777205, 3.6561255519454545, 3.4667828211913236, 3.1479942444208504, 2.728024904792373, 2.4474007020125517, 2.1960975253904187, 1.9626145314525913, 1.7771980037560333, 1.597124280156316, 1.438682511046126, 1.298463611989408, 1.1749639728584804, 1.0550216790792104, 0.9758828258192217, 0.9183622944999386, 0.8667783157245533, 0.8173708061914187, 0.7511992978083121, 0.73339771902239, 0.6915735433230529, 0.6617991811520344, 0.6252588968019228, 0.5922725579223117, 0.5644709528297991, 0.5479502194636577, 0.531900139676558, 0.5114241157834595, 0.4887722335957192, 0.48406682103066834, 0.45897192447572144, 0.45690727274160126, 0.4298593607303259], "acc": [0.0, 0.012246621621621621, 0.022170608108108107, 0.031091638513513514, 0.04207136824324324, 0.060388513513513514, 0.08071157094594594, 0.103515625, 0.12093538851351351, 0.14358108108108109, 0.16696579391891891, 0.21378800675675674, 0.27322635135135137, 0.33139780405405406, 0.38064822635135137, 0.42419763513513514, 0.4712309966216216, 0.5151499155405406, 0.5518369932432432, 0.5915857263513513, 0.6216744087837838, 0.6569362331081081, 0.680637668918919, 0.6944679054054054, 0.7137880067567568, 0.7282516891891891, 0.7486275337837838, 0.7560705236486487, 0.7699535472972973, 0.7795080236486487, 0.788745777027027, 0.8043179898648649, 0.8142947635135135, 0.8152977195945946, 0.821315456081081, 0.8273331925675675, 0.8367820945945946, 0.8365181587837838, 0.8482896959459459, 0.8487647804054054, 0.8541490709459459]}