{"val_loss": [0.0, 11.050142545957822, 10.074635054614093, 8.827039873277819, 7.588335340087478, 6.718518321578567, 6.036977091351071, 5.576461031630233, 5.2296578819687305, 4.879005934741046, 4.665695628604373, 4.032166348921286, 3.6951791209143563, 3.5126014335735425, 3.395241679372014, 3.261456972843892, 3.228098466589644, 3.1056765479010506, 3.0281484900294124, 2.9816714460785323, 2.9150787688590385, 2.8396671140516125, 2.8129038552980163, 2.7748668548223137, 2.7546137829084656, 2.728323817253113, 2.7789797911772856, 2.7093912942989453, 2.695704054188084, 2.648448099961152, 2.6472997536530367, 2.6347322367333077, 2.6227777551960303, 2.6032992182551205, 2.59615758947424, 2.5657670852300285, 2.557816154248006, 2.57232564204448, 2.5653400034517855, 2.5643952923852043, 2.5401464475167765], "val_acc": [0.0, 0.05167863175675676, 0.09934543918918919, 0.16031461148648649, 0.24055109797297297, 0.29803631756756754, 0.3444362331081081, 0.36417863175675674, 0.38360430743243246, 0.41511824324324326, 0.42182221283783783, 0.5418074324324325, 0.6021431587837838, 0.6329708614864865, 0.6541913006756757, 0.6719805743243243, 0.6755701013513513, 0.6900865709459459, 0.701171875, 0.7023331925675675, 0.711254222972973, 0.7243982263513513, 0.7242398648648649, 0.7266680743243243, 0.729518581081081, 0.7316300675675675, 0.7234480574324325, 0.7322107263513513, 0.7265097128378378, 0.7365392736486487, 0.7328441722972973, 0.7342694256756757, 0.7351668074324325, 0.7393897804054054, 0.737331081081081, 0.7428209459459459, 0.7398648648648649, 0.7375422297297297, 0.7388619087837838, 0.7351668074324325, 0.7382284628378378], "loss": [0.0, 11.561087286150133, 10.621114138010386, 9.652370233793516, 8.595602035522461, 7.6854905502216235, 6.947765343898052, 6.3968770826185075, 5.929738437807238, 5.569639618332322, 5.284298445727374, 4.753120506131971, 4.222614072464608, 3.896868921614982, 3.614154242180489, 3.392809738983979, 3.189988261944539, 3.0080062279830106, 2.8606279540706323, 2.717738328753291, 2.586020170031367, 2.4406288346728764, 2.3461074925757743, 2.269503251926319, 2.2075158293182784, 2.1480432297732377, 2.0948366587226457, 2.0281829125172384, 1.993051243794931, 1.9399434440844767, 1.8938201375909753, 1.8430051851916958, 1.805846897331444, 1.770889172682891, 1.749877388412888, 1.7284330129623413, 1.7087246082924508, 1.69017548818846, 1.672827124595642, 1.650401328061078, 1.6249078286660683], "acc": [0.0, 0.012880067567567568, 0.02787162162162162, 0.05806587837837838, 0.11159206081081081, 0.15640836148648649, 0.19816300675675674, 0.23532516891891891, 0.26736697635135137, 0.2877956081081081, 0.30674619932432434, 0.38144003378378377, 0.4724978885135135, 0.5311972128378378, 0.5813978040540541, 0.6238386824324325, 0.6594172297297297, 0.6973184121621622, 0.7233424831081081, 0.7486803209459459, 0.7715899493243243, 0.7982474662162162, 0.8175147804054054, 0.831081081081081, 0.8419552364864865, 0.8521959459459459, 0.8588471283783784, 0.8718327702702703, 0.8771114864864865, 0.8817567567567568, 0.8913640202702703, 0.8998099662162162, 0.9056693412162162, 0.9134290540540541, 0.9146431587837838, 0.9175992398648649, 0.9194995777027027, 0.9220333614864865, 0.9240392736486487, 0.9247255067567568, 0.9316934121621622]}