{"acc": [0.01978643216080402, 0.029522613065326633, 0.03732202680067002, 0.04993718592964824, 0.07260259631490787, 0.09427345058626466, 0.12761725293132328, 0.1644681742043551, 0.2013714405360134, 0.23738484087102177, 0.28863065326633164, 0.3158500837520938, 0.32720896147403683, 0.3431218592964824, 0.35940117252931325, 0.3769891122278057, 0.38117671691792293, 0.4010678391959799, 0.4090242881072027, 0.42095896147403683, 0.45220896147403683, 0.46079355108877723, 0.46916876046901174, 0.475607202680067, 0.4867043551088777, 0.49246231155778897, 0.5032977386934674, 0.5011515912897823, 0.5126151591289783, 0.5180590452261307, 0.5439175041876047, 0.5464824120603015, 0.5566373534338358, 0.5545435510887772, 0.570037688442211, 0.5729166666666666, 0.5750104690117253, 0.5812395309882747, 0.590609296482412, 0.5898764656616415, 0.6099246231155779, 0.6157349246231156, 0.612175460636516, 0.6226444723618091, 0.6234296482412061, 0.6311243718592965, 0.6308103015075377, 0.638714405360134, 0.641750418760469, 0.6411222780569514], "val_acc": [0.02132229673093043, 0.01519279128248114, 0.01686923721709975, 0.037824811399832355, 0.04578792958927075, 0.0498742665549036, 0.07109178541492037, 0.11991827326068734, 0.1767078792958927, 0.21704735959765298, 0.26697401508801344, 0.2574916177703269, 0.29725481978206203, 0.2965737636211232, 0.30458927074601844, 0.3152242246437552, 0.307523051131601, 0.36745599329421624, 0.3665653813914501, 0.3599643755238894, 0.39255029337803854, 0.38065800502933783, 0.4030804694048617, 0.394279128248114, 0.38851634534786256, 0.39888935456831515, 0.41727787091366303, 0.39705574182732606, 0.41261525565800505, 0.417592204526404, 0.4355092204526404, 0.446825230511316, 0.44017183570829843, 0.4455678960603521, 0.4291701592623638, 0.42749371332774516, 0.43954316848281644, 0.4383382229673093, 0.4445725062866723, 0.44923512154233025, 0.4572506286672255, 0.44808256496227994, 0.45573134953897737, 0.4641135792120704, 0.44577745180217937, 0.46070829840737637, 0.4584555741827326, 0.45384534786253145, 0.46369446772841577, 0.45384534786253145], "loss": [5.243873061047527, 4.750573427034183, 4.580373182168957, 4.430099995891053, 4.2449802062419595, 4.0621927661113, 3.8419630114157597, 3.592108492475858, 3.3429047282616695, 3.1405064152113757, 2.883495903194849, 2.7761920294170603, 2.685151702295396, 2.6111906934623144, 2.5407864021096795, 2.463787477919005, 2.4193838310601126, 2.345874304447941, 2.287524915869711, 2.2366884214993896, 2.105524028565616, 2.0541299238576363, 2.0247378149124446, 1.9836151943334583, 1.9417760086618676, 1.9041295886239415, 1.8657060494175308, 1.8466677189472334, 1.812830869276919, 1.7813260309161054, 1.6869405244962254, 1.6568887243218957, 1.6356875379281228, 1.6188345824054737, 1.5837833886370187, 1.5639699551228503, 1.5389762369532083, 1.5074510669189083, 1.4880631170680176, 1.4761284164947082, 1.4055984978699805, 1.379516637380199, 1.3716406187220433, 1.3431016231451802, 1.3350395809615676, 1.320907565791603, 1.2987489617699555, 1.2637249410551796, 1.2646725986471128, 1.2489968252990713], "val_loss": [4.699602279559165, 4.903085598701804, 4.992515650698845, 4.740161987682001, 4.5693133998496736, 4.412692067009606, 4.514577296433685, 3.9199604228676015, 3.539728863141363, 3.247060593195753, 2.999686099557645, 3.092612705606427, 2.8619053267873045, 2.9105707479942176, 2.83580373068967, 2.786670244449542, 2.8138448130854616, 2.499507961209242, 2.5402408442573194, 2.545788248946261, 2.4211054729595967, 2.4570739061414746, 2.3712703813950955, 2.421519289872073, 2.397905356426351, 2.4216456054542013, 2.3301794153247077, 2.4071451634393455, 2.3531326954842413, 2.2746016770876065, 2.2307682663377153, 2.1842748241972143, 2.2217615950237475, 2.201798722010546, 2.2896307825242785, 2.301595400484889, 2.277934730452644, 2.272340459425911, 2.2086616483238295, 2.2251538113196756, 2.1907804765225656, 2.2572839136695224, 2.203875605438501, 2.1889334775676073, 2.2613773597256035, 2.1718556645130374, 2.2294272508625212, 2.230517666977389, 2.1973732516032154, 2.234987140451273]}