{"val_loss": [0.0, 4.770073458955094, 4.58515731064049, 4.092335336917156, 3.5330091682640283, 3.065248412054938, 2.791201465838664, 2.583842657707833, 2.3943546333828487, 2.231717939312394, 2.146347893250955, 1.658118439687265, 1.4744877138653316, 1.3501298701440967, 1.2538713506750159, 1.210830172976932, 1.2276132251765277, 1.1484216765777484, 1.204375856631511, 1.2191211669831663, 1.214445921214851, 1.1477796242043778, 1.1625136394758482, 1.192397793402543, 1.2054102501353703, 1.2216812944090045, 1.2504896191326347, 1.2408759843658757, 1.2383956740031372, 1.3029788595599097, 1.3581340055207949, 1.3150977991722725, 1.3409324272258862, 1.3731704579817283, 1.3392896829424679, 1.3496096714122876, 1.3828075399269928, 1.4004253100704502, 1.419655619440852, 1.3759043522783228, 1.3998497031830452], "val_acc": [0.0, 0.08514569256756757, 0.11502322635135136, 0.15746410472972974, 0.21410472972972974, 0.27671030405405406, 0.31608952702702703, 0.34396114864864863, 0.38249577702702703, 0.4154877533783784, 0.42768158783783783, 0.544921875, 0.6070523648648649, 0.6336043074324325, 0.6639041385135135, 0.680637668918919, 0.6773120777027027, 0.6998521959459459, 0.7025443412162162, 0.7036528716216216, 0.7066617398648649, 0.72265625, 0.7225506756756757, 0.7261402027027027, 0.7280933277027027, 0.7323163006756757, 0.7285684121621622, 0.7322107263513513, 0.734691722972973, 0.7264041385135135, 0.7249788851351351, 0.7344805743243243, 0.7370143581081081, 0.733424831081081, 0.7387035472972973, 0.7396537162162162, 0.7338999155405406, 0.7346389358108109, 0.7347445101351351, 0.7411317567567568, 0.737964527027027], "loss": [0.0, 4.8850294512671395, 4.7524680060309334, 4.5438870674855, 4.159236853187148, 3.7831602837588334, 3.4800941589716317, 3.2141966304263554, 3.0168915407077685, 2.846015121485736, 2.726850274446848, 2.3346905740531714, 1.894023540857676, 1.6127275389594, 1.4149194633638538, 1.2263449269372064, 1.0661094857228768, 0.9338509480695467, 0.8289454015525611, 0.7282522216036513, 0.632463733489449, 0.5461138482834842, 0.46728995845124527, 0.424157375419462, 0.38616979182571975, 0.35329755033190186, 0.323151880422154, 0.30054804199450724, 0.2749146923825547, 0.25798321253544576, 0.24110372706845, 0.21670623355217883, 0.19060823714008202, 0.17826322113742699, 0.16716747418851466, 0.16340180275005264, 0.15805837038803744, 0.14760783506003586, 0.13810629035170013, 0.13512317131499987, 0.12843795442903364], "acc": [0.0, 0.013671875, 0.03103885135135135, 0.06128589527027027, 0.10689400337837837, 0.1492820945945946, 0.1838576858108108, 0.2235008445945946, 0.2565456081081081, 0.2855785472972973, 0.3062183277027027, 0.3815983952702703, 0.47302576013513514, 0.5389569256756757, 0.5903188344594594, 0.6418391047297297, 0.6828019425675675, 0.7249788851351351, 0.746410472972973, 0.7800886824324325, 0.802734375, 0.8306587837837838, 0.8527766047297297, 0.8641786317567568, 0.8770586993243243, 0.8884607263513513, 0.8938978040540541, 0.905299831081081, 0.9114231418918919, 0.9175992398648649, 0.9237225506756757, 0.9335409628378378, 0.9398226351351351, 0.9425147804054054, 0.9471072635135135, 0.9481630067567568, 0.9497994087837838, 0.9539695945945946, 0.9571896114864865, 0.9565033783783784, 0.9586148648648649]}