{"acc": [0.01373741610738255, 0.018299077181208052, 0.018299077181208052, 0.019033137583892617, 0.018299077181208052, 0.020501258389261746, 0.020186661073825503, 0.020815855704697985, 0.01955746644295302, 0.01976719798657718, 0.020868288590604026, 0.020710989932885907, 0.020448825503355705, 0.0194001677852349, 0.0194001677852349, 0.0191380033557047, 0.020239093959731544, 0.02149748322147651, 0.019976929530201342, 0.020343959731543623, 0.020710989932885907, 0.019976929530201342, 0.020239093959731544, 0.02165478187919463, 0.0196623322147651, 0.02134018456375839, 0.0199244966442953, 0.02123531879194631, 0.01960989932885906, 0.019085570469798658, 0.02149748322147651, 0.01971476510067114, 0.021025587248322146, 0.021916946308724834, 0.019190436241610737, 0.020186661073825503, 0.020081795302013424, 0.02134018456375839, 0.020239093959731544, 0.020448825503355705, 0.01945260067114094, 0.018980704697986576, 0.020186661073825503, 0.0199244966442953, 0.020396392617449664, 0.020606124161073824, 0.020291526845637585, 0.019976929530201342, 0.021130453020134228, 0.0199244966442953, 0.021078020134228187, 0.020029362416107383, 0.020239093959731544, 0.020448825503355705, 0.019872063758389263, 0.020081795302013424, 0.020868288590604026, 0.020868288590604026, 0.020815855704697985, 0.020291526845637585, 0.01976719798657718, 0.019872063758389263, 0.020815855704697985, 0.020029362416107383, 0.020868288590604026, 0.020501258389261746, 0.020396392617449664, 0.020186661073825503, 0.020186661073825503, 0.02154991610738255, 0.020343959731543623, 0.020029362416107383, 0.020658557046979865, 0.020815855704697985, 0.020239093959731544, 0.020029362416107383, 0.02118288590604027, 0.01945260067114094, 0.01929530201342282, 0.020291526845637585, 0.020553691275167787, 0.019819630872483222, 0.02118288590604027, 0.0194001677852349, 0.020658557046979865, 0.02144505033557047, 0.019242869127516778, 0.020029362416107383, 0.020710989932885907, 0.021864513422818792, 0.020553691275167787, 0.020134228187919462, 0.01955746644295302, 0.019976929530201342, 0.02175964765100671, 0.020186661073825503, 0.020920721476510067, 0.020396392617449664, 0.0196623322147651, 0.021130453020134228], "val_acc": [0.020343959731543623, 0.020710989932885907, 0.020501258389261746, 0.020710989932885907, 0.020134228187919462, 0.020710989932885907, 0.020710989932885907, 0.020710989932885907, 0.020710989932885907, 0.020710989932885907, 0.020710989932885907, 0.020710989932885907, 0.020710989932885907, 0.020710989932885907, 0.020710989932885907, 0.020710989932885907, 0.020710989932885907, 0.020710989932885907, 0.020710989932885907, 0.020710989932885907, 0.020710989932885907, 0.020710989932885907, 0.020710989932885907, 0.020710989932885907, 0.020710989932885907, 0.020710989932885907, 0.020710989932885907, 0.020710989932885907, 0.020710989932885907, 0.020710989932885907, 0.020710989932885907, 0.020710989932885907, 0.020710989932885907, 0.020710989932885907, 0.020710989932885907, 0.020710989932885907, 0.020710989932885907, 0.020710989932885907, 0.020710989932885907, 0.020710989932885907, 0.020710989932885907, 0.020710989932885907, 0.020710989932885907, 0.020710989932885907, 0.020710989932885907, 0.020710989932885907, 0.020710989932885907, 0.020710989932885907, 0.020710989932885907, 0.020710989932885907, 0.020710989932885907, 0.020710989932885907, 0.020710989932885907, 0.020710989932885907, 0.020710989932885907, 0.020710989932885907, 0.020710989932885907, 0.020710989932885907, 0.020710989932885907, 0.020710989932885907, 0.020710989932885907, 0.020710989932885907, 0.020710989932885907, 0.020710989932885907, 0.020710989932885907, 0.020710989932885907, 0.020710989932885907, 0.020710989932885907, 0.020710989932885907, 0.020710989932885907, 0.020710989932885907, 0.020710989932885907, 0.020710989932885907, 0.020710989932885907, 0.020710989932885907, 0.020710989932885907, 0.020710989932885907, 0.020710989932885907, 0.020710989932885907, 0.020710989932885907, 0.020710989932885907, 0.020710989932885907, 0.020710989932885907, 0.020710989932885907, 0.020710989932885907, 0.020710989932885907, 0.020710989932885907, 0.020710989932885907, 0.020710989932885907, 0.020710989932885907, 0.020710989932885907, 0.020710989932885907, 0.020710989932885907, 0.020710989932885907, 0.020710989932885907, 0.020710989932885907, 0.020710989932885907, 0.020710989932885907, 0.020710989932885907, 0.020710989932885907], "loss": [8.779071800660766, 6.55218398090977, 5.7787213293498, 5.429350499338752, 5.222941925061629, 4.9781929590558045, 4.882153806270369, 4.84524725907601, 4.822750895615392, 4.808043882350794, 4.795021590770491, 4.791168323299229, 4.78536492946164, 4.784352819391545, 4.7818458992362824, 4.779180631541566, 4.777508410031364, 4.777515318569721, 4.776360062944809, 4.776575138104842, 4.774967135198964, 4.773544743557104, 4.772744168371162, 4.771496557549343, 4.7723734442819685, 4.771957235048281, 4.770696044768263, 4.771193873162238, 4.77172742433996, 4.771724819336962, 4.770674319075258, 4.7707942300194865, 4.77049500670209, 4.770361477896671, 4.770307792913194, 4.770254843187012, 4.769524164647864, 4.769638554361842, 4.769361868800733, 4.769203436454671, 4.772176181710006, 4.77097344878536, 4.770756104648513, 4.770383127583753, 4.770428490318708, 4.769464023961317, 4.769861416528689, 4.7701336145401, 4.768664382448132, 4.769178459308291, 4.769312726571256, 4.768080335335443, 4.7687007748840635, 4.768319789195221, 4.76834238935637, 4.768244614537131, 4.7680002314932395, 4.768208286106186, 4.767801824832123, 4.768145738832103, 4.767602542102737, 4.767680503377979, 4.76800055551849, 4.766660973529688, 4.767553779102812, 4.766655291486907, 4.767462422383711, 4.76719079721694, 4.767357894238209, 4.766475493475895, 4.767978872228789, 4.767010801590529, 4.76688421972646, 4.766457966510082, 4.766820258742211, 4.767514602449916, 4.768045307005812, 4.767970666789369, 4.767679291283525, 4.768012967685725, 4.76767770075958, 4.767118109152621, 4.767474761745274, 4.7671120702820335, 4.767258193668903, 4.767220567536834, 4.766606516486046, 4.766408663468073, 4.766932691503691, 4.76697822625205, 4.766869842606103, 4.7666478933103935, 4.766621808877727, 4.7666642801873635, 4.766354231226364, 4.766930105702189, 4.766640540737434, 4.766330610185662, 4.7670273428795324, 4.767245596687266],