{"acc": [0.20260251260975154, 0.5139699701102186, 0.6742364094900056, 0.7414767420138241, 0.7805436203997759, 0.8067205305436204, 0.8221266112460303, 0.8334695497851672, 0.8081157762002615, 0.8314788436390809, 0.8523433121614048, 0.8662840930319448, 0.8755721090977022, 0.8827584999065944, 0.8857007752662058, 0.8771891929759014, 0.8865998038483094, 0.8942415467961891, 0.9004121520642631, 0.9042709695497851, 0.9069505417522884, 0.9085559499346161, 0.9092097889034186, 0.9072541098449468, 0.9102781150756585, 0.9124673080515598, 0.9138508780123296, 0.9152110965813562, 0.9157890435269942, 0.9148082850737904, 0.9158415841584159, 0.9163436390808892, 0.9158415841584159, 0.918100831309546, 0.9185036428171119, 0.9191866710255931, 0.9192625630487578, 0.9193734821595367, 0.9189473192602279, 0.918900616476742], "val_acc": [0.4513422818791946, 0.6881816275167785, 0.7627411912751678, 0.7840813758389261, 0.8061556208053692, 0.8160654362416108, 0.816484899328859, 0.8166946308724832, 0.7954068791946308, 0.8096161912751678, 0.8169567953020134, 0.8210465604026845, 0.8214660234899329, 0.8226195469798657, 0.8235109060402684, 0.8142302852348994, 0.8200503355704698, 0.8232487416107382, 0.8234584731543624, 0.8261849832214765, 0.8253460570469798, 0.828125, 0.8273909395973155, 0.8267093120805369, 0.8253984899328859, 0.8279677013422819, 0.829435822147651, 0.8302747483221476, 0.8321623322147651, 0.8265520134228188, 0.8273909395973155, 0.8250314597315436, 0.8284395973154363, 0.8265520134228188, 0.8283347315436241, 0.826919043624161, 0.8291736577181208, 0.8271287751677853, 0.8263422818791947, 0.8305893456375839], "loss": [5.316035420520938, 2.5952592210504197, 1.8168545483919298, 1.485130056218301, 1.283598862528556, 1.1547442352952142, 1.0761392536997105, 1.021940732901951, 1.1370074798097438, 1.0248317204857016, 0.917193552038279, 0.8505494687271279, 0.8068081374571922, 0.7718785924041203, 0.7570422531766533, 0.7975980212549039, 0.7533489172311224, 0.7133415062283214, 0.6868868498530051, 0.6675891510664849, 0.6560095955495765, 0.6493131657604768, 0.6460960720067779, 0.6544750733128802, 0.6388862404659844, 0.6300286327414082, 0.6218090786424816, 0.6180138726802756, 0.6156513131312872, 0.6161649996001053, 0.6160003149729899, 0.6123189254718341, 0.6106299477749932, 0.6059884396742687, 0.6031415540326227, 0.6000769367323575, 0.6010870803478119, 0.6010453351775932, 0.6011150232179575, 0.6003038817736538], "val_loss": [2.977167747164733, 1.8479360462035108, 1.4435906152197178, 1.3002175968765413, 1.1869884545371037, 1.1356766792951813, 1.117874747954759, 1.1047436548959488, 1.1974334944814644, 1.1292288793413432, 1.0912366497936665, 1.0754820258425386, 1.0741377176854434, 1.0776087953740319, 1.0779123413282752, 1.1306965370106217, 1.0945745181517312, 1.0695527349442444, 1.0763952555572427, 1.048972410043614, 1.0514256024120638, 1.051298494256983, 1.0581037408153482, 1.0652671326826884, 1.069014297735771, 1.0585315543033134, 1.0519003614083233, 1.0550870167329007, 1.0457097931996289, 1.0647539393413787, 1.0729923920343387, 1.072796216197062, 1.0570383825958176, 1.0754752914177492, 1.064125938053499, 1.0644684988980326, 1.0668324421616209, 1.0686034064164898, 1.0671615051543153, 1.0536200471672437]}