{"val_loss": [0.0, 4.776471969243643, 4.672432976800042, 4.451441925925177, 4.128506879548769, 3.7037363149024345, 3.320577534469398, 2.9858363931243486, 2.7531003565401644, 2.595864250853255, 2.4438257894000492, 2.064738603862556, 1.7909499551798846, 1.628385389173353, 1.5011719642458736, 1.4448704848418366, 1.3461699389122628, 1.301386301581924, 1.2756690366848096, 1.2522988238850155, 1.248534937162657, 1.2513615843412038, 1.2653452166028925, 1.248300226153554, 1.2894196921103709, 1.2873702121747506, 1.2934782746675852, 1.3160262438091073, 1.3366863840335124, 1.3545407588417466, 1.347837256418692, 1.3532294767933923, 1.3943595016324841, 1.3696473522766217, 1.4084608603168178, 1.405316174030304, 1.434926058795001, 1.4239544594610059, 1.4122651477117796, 1.4432035007992305, 1.4682345535304095], "val_acc": [0.0, 0.0636085304054054, 0.09966216216216216, 0.11148648648648649, 0.1727195945945946, 0.23764780405405406, 0.29133234797297297, 0.31608952702702703, 0.35462415540540543, 0.3764252533783784, 0.3959565033783784, 0.4834248310810811, 0.5434438344594594, 0.5776499155405406, 0.6138091216216216, 0.6269003378378378, 0.651393581081081, 0.6619510135135135, 0.6722445101351351, 0.677734375, 0.6872360641891891, 0.6895586993243243, 0.6935705236486487, 0.697265625, 0.6957875844594594, 0.698902027027027, 0.7010663006756757, 0.7013830236486487, 0.7009607263513513, 0.7015941722972973, 0.704761402027027, 0.7054476351351351, 0.704075168918919, 0.7100929054054054, 0.7056587837837838, 0.7079286317567568, 0.7068728885135135, 0.7101456925675675, 0.7117820945945946, 0.7094066722972973, 0.7089315878378378], "loss": [0.0, 4.8997534481254785, 4.792803970543114, 4.692235431155643, 4.529607727720931, 4.294905308130625, 4.031989513216792, 3.7680256914448096, 3.534255807464187, 3.330637928601858, 3.1752072089427226, 2.7805277979051746, 2.344983961131122, 2.0452471311027938, 1.8011897705696724, 1.5948370163505141, 1.381943456224493, 1.2018459688972782, 1.044711946635633, 0.9181801129031826, 0.7852788776964754, 0.6947565094844715, 0.6259786398024172, 0.5639391025981387, 0.514338507040127, 0.47519621051646566, 0.42127067052029277, 0.3951612650542646, 0.36201936932834416, 0.3340157197939383, 0.30687629632853175, 0.28725462708924265, 0.2644579217240617, 0.24757665899154302, 0.23856569282911919, 0.23323177485852628, 0.21416301099029747, 0.2090237054067689, 0.1920902561899778, 0.18787245573224248, 0.1794180997924225], "acc": [0.0, 0.010557432432432432, 0.02269847972972973, 0.04122677364864865, 0.07078758445945946, 0.10019003378378379, 0.13497677364864866, 0.16501266891891891, 0.20133023648648649, 0.2262985641891892, 0.25300886824324326, 0.3166701858108108, 0.39833192567567566, 0.46684966216216217, 0.5186866554054054, 0.5696790540540541, 0.6199324324324325, 0.6664907094594594, 0.7053420608108109, 0.7410789695945946, 0.7756017736486487, 0.7971389358108109, 0.818676097972973, 0.8341427364864865, 0.8489231418918919, 0.8640202702702703, 0.8766891891891891, 0.8828125, 0.8933699324324325, 0.9041913006756757, 0.9121621621621622, 0.916015625, 0.922825168918919, 0.9307960304054054, 0.9303737331081081, 0.9302153716216216, 0.9380278716216216, 0.9415118243243243, 0.9450485641891891, 0.9466849662162162, 0.9494298986486487]}