{"val_loss": [0.0, 11.02184789245193, 9.988051234064875, 8.775734385928592, 7.58468839284536, 6.680483360548277, 5.974021602321315, 5.521363683649011, 5.150933027267456, 4.7633256912231445, 4.585890827952205, 4.33031339258761, 4.152084157273576, 4.036712524053213, 3.9082215895523897, 3.7994756763045854, 3.6844186460649646, 3.650405490720594, 3.5903904599112435, 3.498860687822909, 3.4069323990796065, 3.3947559015170947, 3.3195358418129586, 3.2270172576646545, 3.2228442527152397, 3.1747538012427254, 3.155726954743669, 3.087378176482948, 3.089423385826317, 3.0198791155944, 3.0333077198750265, 2.6787677004530623, 2.533737398482658, 2.4097255178399988, 2.3906947309906417, 2.4101400149835124, 2.3220684689444466, 2.285622136012928, 2.280284559404528, 2.320040490176227, 2.2329337564674585, 2.2267005765760266, 2.245855432909888, 2.1810944982477136, 2.1923079973942525, 2.1961100600861214, 2.174196383437595, 2.1797320359462016, 2.1360182858802177, 2.1202230324616305, 2.1135826867979928, 2.09396496978966, 2.0789554908468917, 2.0601389746408203, 2.0287870039811007, 2.0276340955012553, 2.0589338315499797, 2.0566450035249866, 1.9857851717923138, 2.026817225121163, 1.9792027698980796, 1.9511907777270756, 1.9319092019184216, 1.904035747051239, 1.9476939890835736, 1.8741233671033704, 1.8844870103372109, 1.9275742495382153, 1.8863757059380815, 1.8610169001527734, 1.8404874849963833, 1.850756841736871, 1.8270218952282056, 1.84817773103714, 1.8378539890856356, 1.8391673210504893, 1.7996012278505273, 1.8005721649608097, 1.8029876077497327, 1.7864844686276204, 1.7744522819647919], "val_acc": [0.0, 0.057221283783783786, 0.06672297297297297, 0.12135768581081081, 0.19668496621621623, 0.26335515202702703, 0.31973184121621623, 0.3611697635135135, 0.38861908783783783, 0.42351140202702703, 0.41580447635135137, 0.451171875, 0.4638407939189189, 0.46326013513513514, 0.47624577702702703, 0.4828969594594595, 0.4953547297297297, 0.4912373310810811, 0.49308488175675674, 0.4995777027027027, 0.5105574324324325, 0.5014252533783784, 0.5124049831081081, 0.5219066722972973, 0.5191089527027027, 0.5249155405405406, 0.5226456925675675, 0.5349451013513513, 0.5233847128378378, 0.5341005067567568, 0.5279244087837838, 0.6075802364864865, 0.6519214527027027, 0.6724556587837838, 0.68359375, 0.6785789695945946, 0.6895059121621622, 0.7030194256756757, 0.7032305743243243, 0.6947846283783784, 0.7126266891891891, 0.7139463682432432, 0.7085620777027027, 0.7220228040540541, 0.7204391891891891, 0.7208086993243243, 0.7286739864864865, 0.73046875, 0.726245777027027, 0.7252428209459459, 0.728515625, 0.7329497466216216, 0.7277238175675675, 0.7342694256756757, 0.7302048141891891, 0.7311021959459459, 0.7262985641891891, 0.722972972972973, 0.7317884290540541, 0.7264041385135135, 0.7335831925675675, 0.743823902027027, 0.7385451858108109, 0.7412901182432432, 0.7336887668918919, 0.7422930743243243, 0.7408678209459459, 0.7325802364864865, 0.7375950168918919, 0.7406038851351351, 0.7438766891891891, 0.7458298141891891, 0.7496304898648649, 0.7429265202702703, 0.7460409628378378, 0.7437711148648649, 0.7473606418918919, 0.7455130912162162, 0.7457242398648649, 0.7476245777027027, 0.7477829391891891], "loss": [0.0, 11.548029538747427, 10.57338135951274, 9.570829443029455, 8.550265286419842, 7.641686014226965, 6.904017126238024, 6.309724633758132, 5.87007838970906, 5.49026134207442, 5.20183860289084, 4.958482097935033, 4.747324563361503, 4.572046808294348, 4.411565207146309, 4.286833724460086, 4.165639877319336, 4.057333827018738, 3.9690044216207556, 3.8650396450145825, 3.7795795170036524, 3.712626576423645, 3.6581767636376457, 3.5866190613927067, 3.5366230784235775, 3.4796629467525997, 3.4351925882133276, 3.386699863382288, 3.352845443261636, 3.306209725302619, 3.256517274959667, 2.9840420806730115, 2.5448617709649577, 2.3027803285701856, 2.123816544945176, 1.9748168249387998, 1.857039586917774, 1.7541042743502437, 1.6557157184626605, 1.5874952319506053, 1.5134014084532454, 1.4495473407410286, 1.4087254662771482, 1.3612072709444407, 1.305644098165873, 1.2605846266488772, 1.21748476898348, 1.1830171991038967, 1.1477583904524107, 1.1261231399871208, 1.086554093940838, 1.0638223967036686, 1.0352216419335958, 1.0053830493140865, 0.9779574742188325, 0.9586186183465494, 0.9337046782712679, 0.9180214308403634, 0.9068867032592361, 0.8744082628069697, 0.8546557265359003, 0.8240958363623232, 0.8011615155516444, 0.7842986156811586, 0.7763042264693493, 0.7619259687694343, 0.7514109257105235, 0.7390359390426327, 0.7256574493807715, 0.7186575846092121, 0.7107481199341852, 0.6919988007158846, 0.6772305981532948, 0.6714542129555264, 0.6698006947298307, 0.6604835382989935, 0.6619231821717443, 0.6530673415274233, 0.6504358617035119, 0.6410434874328407, 0.6377432426890811], "acc": [0.0, 0.012563344594594595, 0.031091638513513514, 0.059755067567567564, 0.09802576013513513, 0.14205025337837837, 0.18559966216216217, 0.22160050675675674, 0.25010557432432434, 0.2807749155405405, 0.30020059121621623, 0.31603673986486486, 0.33868243243243246, 0.35245988175675674, 0.35731630067567566, 0.37362753378378377, 0.3849239864864865, 0.39558699324324326, 0.40176309121621623, 0.4154877533783784, 0.42224451013513514, 0.42583403716216217, 0.43491342905405406, 0.4397170608108108, 0.4421452702702703, 0.4475295608108108, 0.455078125, 0.46014569256756754, 0.45956503378378377, 0.46843327702702703, 0.46933065878378377, 0.5326224662162162, 0.6269003378378378, 0.6850190033783784, 0.7233424831081081, 0.7562288851351351, 0.7843116554054054, 0.8094383445945946, 0.8313450168918919, 0.8468644425675675, 0.8667124155405406, 0.8776393581081081, 0.8847128378378378, 0.8923141891891891, 0.9061444256756757, 0.913112331081081, 0.9206081081081081, 0.9247255067567568, 0.9301625844594594, 0.9344383445945946, 0.940403293918919, 0.9417757601351351, 0.9474239864864865, 0.9492715371621622, 0.953441722972973, 0.9546558277027027, 0.959301097972973, 0.9588788006756757, 0.9582453547297297, 0.9651076858108109, 0.965793918918919, 0.9704391891891891, 0.9723923141891891, 0.9751372466216216, 0.9740287162162162, 0.9758234797297297, 0.9761929898648649, 0.9776182432432432, 0.9780933277027027, 0.9776710304054054, 0.9787267736486487, 0.9802576013513513, 0.9835304054054054, 0.9832136824324325, 0.9816300675675675, 0.9841638513513513, 0.9818940033783784, 0.9839527027027027, 0.9825274493243243, 0.985377956081081, 0.9845333614864865]}