{"val_loss": [0.0, 11.012258220363307, 10.002112195298478, 8.779692482303929, 7.605141356184676, 6.696370769191432, 6.047547024649543, 5.505614738206606, 5.134090140059188, 4.834274614179456, 4.619261032826191, 4.478348815763319, 4.253487264787829, 4.113283840385643, 3.999036099459674, 3.8940685343098, 3.8030648908099614, 3.6976153721680514, 3.6211495657224915, 3.5336454204610876, 3.4996664040797465, 3.3783114729700863, 3.3988738478841007, 3.327900422585977, 3.3104234160603703, 3.277345509142489, 3.2605560792459025, 3.1867274561443844, 3.1403728594651095, 3.1616021845791793, 3.0785024294982084, 2.6775035761498116, 2.5210759478646354, 2.4222249147054313, 2.430165480923008, 2.383726136104481, 2.3598098432695545, 2.3253311917588517, 2.2711402564435392, 2.246927251686921, 2.2567926516404024], "val_acc": [0.0, 0.05204814189189189, 0.09126900337837837, 0.16205658783783783, 0.20724239864864866, 0.2786106418918919, 0.3307643581081081, 0.3706714527027027, 0.39141680743243246, 0.40952280405405406, 0.42176942567567566, 0.4245671452702703, 0.4467377533783784, 0.45449746621621623, 0.46062077702702703, 0.4641047297297297, 0.4731841216216216, 0.48236908783783783, 0.4865920608108108, 0.49524915540540543, 0.49424619932432434, 0.5106102195945946, 0.49910261824324326, 0.5086570945945946, 0.5045924831081081, 0.5039590371621622, 0.5016891891891891, 0.5134079391891891, 0.517261402027027, 0.5122994087837838, 0.5234375, 0.6190350506756757, 0.649387668918919, 0.676731418918919, 0.6727723817567568, 0.6866554054054054, 0.689136402027027, 0.7014358108108109, 0.7078230574324325, 0.7141575168918919, 0.7122571790540541], "loss": [0.0, 11.53890913885993, 10.583467741270322, 9.601575580803123, 8.58050874761633, 7.680155438345832, 6.937506649945234, 6.352300946776931, 5.910336475114565, 5.5428709017263875, 5.250736810065605, 5.023489443031517, 4.807607676531817, 4.613425164609342, 4.4570240458926635, 4.332343191713901, 4.2113714379233285, 4.0962599870320915, 4.001417047268635, 3.920641357834275, 3.821583367682792, 3.753229982144124, 3.6873715922639176, 3.6338238329500765, 3.570815453658233, 3.499445593034899, 3.47345371826275, 3.4084530682177157, 3.3733886673643783, 3.3322251584078812, 3.2756663496429854, 3.009829147441967, 2.5642442348841072, 2.3200837212639884, 2.121266203957635, 1.9881873195235793, 1.8661285687137295, 1.7653045718734328, 1.6779973829114758, 1.5941470490919578, 1.5309416925584949], "acc": [0.0, 0.015044341216216216, 0.028346706081081082, 0.05790751689189189, 0.10209037162162163, 0.14944045608108109, 0.18908361486486486, 0.22730152027027026, 0.25332559121621623, 0.2817250844594595, 0.30020059121621623, 0.318359375, 0.3344066722972973, 0.3528293918918919, 0.36264780405405406, 0.37109375, 0.39041385135135137, 0.39194467905405406, 0.40514146959459457, 0.4083614864864865, 0.4234058277027027, 0.4275760135135135, 0.4357052364864865, 0.4341216216216216, 0.44341216216216217, 0.4501689189189189, 0.45671452702702703, 0.45887880067567566, 0.46199324324324326, 0.46394636824324326, 0.47540118243243246, 0.5297191722972973, 0.6320206925675675, 0.6830130912162162, 0.7269320101351351, 0.7608741554054054, 0.787109375, 0.8090688344594594, 0.8331397804054054, 0.8452808277027027, 0.8641258445945946]}