{"val_loss": [0.0, 11.039709503586227, 10.02638055182792, 8.781901308008143, 7.611233066868138, 6.697740432378408, 6.054289250760465, 5.552515416531949, 5.162635777447675, 4.874371593062942, 4.590223699002652, 3.989787404601638, 3.7266771213428393, 3.5774603212201916, 3.3412846616796545, 3.208495365606772, 3.129613873120901, 3.085775095063287, 3.0113456023705973, 2.9278259148468844, 2.932169427742829, 2.8479629013989425, 2.796235931886209, 2.752775904294607, 2.7452847732079997, 2.7224940963693567, 2.7484714856018893, 2.7181765421016797, 2.6982404766856014, 2.6399295974422143, 2.6643475551862976, 2.641811783249314, 2.583489698332709, 2.588338465303988, 2.594840272052868, 2.589341453603796, 2.5649442511635856, 2.581768003669945, 2.578945024593456, 2.5547616385124825, 2.56151882700018], "val_acc": [0.0, 0.041385135135135136, 0.07252956081081081, 0.1514991554054054, 0.2139991554054054, 0.2855785472972973, 0.32305743243243246, 0.36027238175675674, 0.38830236486486486, 0.4016047297297297, 0.4311655405405405, 0.5449746621621622, 0.5966005067567568, 0.6237331081081081, 0.666332347972973, 0.6811127533783784, 0.6909311655405406, 0.6977407094594594, 0.700855152027027, 0.7137880067567568, 0.7088788006756757, 0.725612331081081, 0.7278293918918919, 0.7333192567567568, 0.7306798986486487, 0.7315772804054054, 0.7289379222972973, 0.7305743243243243, 0.7291490709459459, 0.7328969594594594, 0.7317356418918919, 0.736011402027027, 0.7418179898648649, 0.7410261824324325, 0.7404455236486487, 0.7401288006756757, 0.7417124155405406, 0.7347972972972973, 0.7351140202702703, 0.739231418918919, 0.7360641891891891], "loss": [0.0, 11.558669708870553, 10.605088556135023, 9.607363803966626, 8.578054466763058, 7.653129828942789, 6.925027280240445, 6.3592003422814445, 5.893600450979696, 5.529450184590107, 5.232444827621047, 4.74839211799003, 4.225415055816238, 3.8852052785254814, 3.60396654541428, 3.392943350044457, 3.1912532819283976, 3.004010587125211, 2.849551867794346, 2.718570071297723, 2.585527787337432, 2.4384716008160567, 2.327600640219611, 2.270451465168515, 2.212181639026951, 2.1419900397996643, 2.078392321999009, 2.039941396262195, 1.9800648093223572, 1.917089726473834, 1.8857811931017283, 1.8408674791052535, 1.802925196853844, 1.7774108567753353, 1.748545807761115, 1.7209515555484876, 1.698720418118142, 1.6818193841624904, 1.6616236793028343, 1.6387366604160618, 1.6192844526187793], "acc": [0.0, 0.015519425675675675, 0.03172508445945946, 0.06577280405405406, 0.11190878378378379, 0.15746410472972974, 0.19657939189189189, 0.23347761824324326, 0.2627217060810811, 0.28995988175675674, 0.31044130067567566, 0.3757390202702703, 0.46648015202702703, 0.5317250844594594, 0.58203125, 0.6215688344594594, 0.659839527027027, 0.694362331081081, 0.7250316722972973, 0.7419235641891891, 0.768581081081081, 0.7983002533783784, 0.8226351351351351, 0.8283889358108109, 0.8381017736486487, 0.8527238175675675, 0.8639674831081081, 0.8643897804054054, 0.8783255912162162, 0.8895164695945946, 0.8894636824324325, 0.8989653716216216, 0.9053526182432432, 0.908519847972973, 0.9149070945945946, 0.9175992398648649, 0.9202913851351351, 0.9199746621621622, 0.92578125, 0.926097972972973, 0.930004222972973]}