{"acc": [0.697908882869419, 0.6929408742761068, 0.7535143844573137, 0.7955118625070055, 0.8240998038483094, 0.8446898935176537, 0.8593195404446105, 0.8680938258920232, 0.8746030263403699, 0.880370820100878, 0.8834240145712684, 0.8857007752662058, 0.8870434802914253, 0.8874462917989913, 0.8877556977395853], "val_acc": [0.7412437080536913, 0.7573406040268457, 0.7912646812080537, 0.8023804530201343, 0.8177432885906041, 0.8221476510067114, 0.825450922818792, 0.8266568791946308, 0.8262898489932886, 0.8274958053691275, 0.8282298657718121, 0.8284920302013423, 0.8276006711409396, 0.8273385067114094, 0.8272336409395973], "loss": [1.9469692526677824, 1.7824610570268544, 1.4577103944197116, 1.2492485251823986, 1.1069177799908085, 1.0066315435414535, 0.9386629872726944, 0.8922455169019712, 0.8615522981024046, 0.8377913543215071, 0.821168227054773, 0.8125983796430574, 0.8041155413001937, 0.8003049558754082, 0.7992192978238071], "val_loss": [1.6430061917577015, 1.411613605466465, 1.2570308082855788, 1.1788189335157406, 1.1259080436605735, 1.0959034174580702, 1.0873570490203448, 1.0868396631523267, 1.0914752218347268, 1.0869074863875472, 1.0868803613237887, 1.088086303048486, 1.091107621188932, 1.0918769397391568, 1.091437597052763]}