{"val_loss": [0.0, 4.489510188231597, 3.485129221065624, 2.5710134409569405, 2.216302858816611, 1.9760856660636696, 1.8327512837745048, 1.7868877004932713, 1.7344242447131388, 1.7338462665274337, 1.63086193155598, 1.2471312510000694, 1.1626998596900218, 1.1466668820058978, 1.2555330669557727, 1.248342616332544, 1.321761794186927, 1.3990306322639052, 1.383337382529233, 1.4342701982807469, 1.5023500532717318, 1.5821517464276906, 1.4887633243122615, 1.536933683060311, 1.5729489117055326, 1.582913619440955, 1.6307245509044543, 1.636144617119351, 1.6260460196314632, 1.633563495971061, 1.6431286334991455, 1.6609493912877262, 1.6711807734257467, 1.6529885498253074, 1.6862575766202565, 1.6792577215143152, 1.6995665672663096, 1.715965117957141, 1.7142004853970296, 1.718298903993658, 1.7150860396591392], "val_acc": [0.0, 0.091796875, 0.2257179054054054, 0.3622782939189189, 0.4150126689189189, 0.4658467060810811, 0.49546030405405406, 0.5027449324324325, 0.5223817567567568, 0.5240709459459459, 0.5432326858108109, 0.6411000844594594, 0.6691828547297297, 0.680004222972973, 0.6805848817567568, 0.6929370777027027, 0.6959459459459459, 0.6892947635135135, 0.7024915540540541, 0.7042335304054054, 0.6993243243243243, 0.6947846283783784, 0.708667652027027, 0.7072423986486487, 0.7058171452702703, 0.7062922297297297, 0.7033361486486487, 0.7040223817567568, 0.7085620777027027, 0.7072423986486487, 0.7095122466216216, 0.7084565033783784, 0.7085092905405406, 0.7108319256756757, 0.7076119087837838, 0.708984375, 0.7085620777027027, 0.706028293918919, 0.7058171452702703, 0.7063450168918919, 0.7070840371621622], "loss": [0.0, 4.7814104621474804, 4.301579320752943, 3.44692502795039, 2.8161724741394454, 2.44873613280219, 2.2137912705137923, 2.0605912981806576, 1.9290877709517609, 1.8015363071415875, 1.7274580903955408, 1.4438706040382385, 0.8608397205133695, 0.5893264747149235, 0.4180470833907256, 0.2956499016365489, 0.2211268425390527, 0.17486599711952983, 0.13167986746978116, 0.10675314758476373, 0.08487773767194233, 0.07001303680039742, 0.05466405060645696, 0.045844107564236666, 0.04194242006318795, 0.03922806743129685, 0.034878261991449305, 0.0333456487042477, 0.028056783727496058, 0.02929478239368748, 0.026337160615602862, 0.02412966010790016, 0.021423642699782912, 0.022443673007089545, 0.019007847373801713, 0.019662884775096097, 0.01937086383711446, 0.01803909565598981, 0.0183053267867984, 0.01880204599552058, 0.01601672442504079], "acc": [0.0, 0.028241131756756757, 0.10420185810810811, 0.2081397804054054, 0.30278716216216217, 0.3653927364864865, 0.4152766047297297, 0.4426203547297297, 0.46896114864864863, 0.5032728040540541, 0.5194256756756757, 0.5867820945945946, 0.7347972972972973, 0.8139252533783784, 0.8654983108108109, 0.9051414695945946, 0.9279983108108109, 0.944362331081081, 0.9611486486486487, 0.9681165540540541, 0.9760874155405406, 0.9802576013513513, 0.9851140202702703, 0.9891786317567568, 0.9891786317567568, 0.9894425675675675, 0.9913956925675675, 0.9916068412162162, 0.9936655405405406, 0.9926097972972973, 0.9937711148648649, 0.993823902027027, 0.9951963682432432, 0.9946157094594594, 0.9959881756756757, 0.9953547297297297, 0.9953547297297297, 0.996410472972973, 0.9965160472972973, 0.9956714527027027, 0.9966216216216216]}