{"val_loss": [0.0, 4.773036763474748, 4.628380904326567, 4.1765977949709505, 3.6522259841094145, 3.224931581600292, 2.9127450762568294, 2.678348412384858, 2.557469148893614, 2.405728266045854, 2.3411004092242265, 1.872950637662733, 1.5880176054464805, 1.4438219714809108, 1.3883814086785187, 1.3092362349097793, 1.3141513064100936, 1.23638061333347, 1.256026011866492, 1.2130076603309528, 1.1929527432531923, 1.2423608528601158, 1.2125992380283974, 1.1484408177234031, 1.231315636957014, 1.2013753346494727, 1.250542415154947, 1.2751265369557045, 1.2863638674890674, 1.279476602335234, 1.330103627733282, 1.3438921586887256, 1.3459695295707599, 1.3571553786058683, 1.3387533861237604, 1.3516825421436414, 1.3992701688328304, 1.4022301354923763, 1.4064180367701762, 1.4216844584490802, 1.4173687503144548], "val_acc": [0.0, 0.06075802364864865, 0.08910472972972973, 0.13592694256756757, 0.19594594594594594, 0.2560177364864865, 0.30891047297297297, 0.33387880067567566, 0.35414907094594594, 0.37975084459459457, 0.3943728885135135, 0.5096072635135135, 0.5779666385135135, 0.6118559966216216, 0.6321790540540541, 0.6497571790540541, 0.660472972972973, 0.6828019425675675, 0.681323902027027, 0.6942039695945946, 0.7038640202702703, 0.7114125844594594, 0.7193834459459459, 0.7279349662162162, 0.7194890202702703, 0.7260346283783784, 0.7238703547297297, 0.7226034628378378, 0.7260874155405406, 0.7292018581081081, 0.7306271114864865, 0.7326858108108109, 0.734375, 0.7323163006756757, 0.7363809121621622, 0.7345333614864865, 0.7335831925675675, 0.7339527027027027, 0.733424831081081, 0.7322107263513513, 0.7338999155405406], "loss": [0.0, 4.880579162288356, 4.7661664292619035, 4.585553124144271, 4.251376477447716, 3.8873082109399744, 3.592464981852351, 3.360488604854893, 3.155915650161537, 2.9970670261898555, 2.8636198945947595, 2.4728218445906767, 2.0234887825476155, 1.7406672255412952, 1.524857124766788, 1.3573501706123352, 1.2111249034469191, 1.0609074468548234, 0.944884441994332, 0.836920986304412, 0.7334847933537251, 0.6262563865732502, 0.5486644587001285, 0.5013454471890991, 0.45298553238043915, 0.42729190193318034, 0.4022585918774476, 0.35947096629722697, 0.32693801498090896, 0.30647783927820826, 0.2769265215139131, 0.2455122998437366, 0.23120663596971616, 0.2186561154352652, 0.2106020482810768, 0.2003389993632162, 0.18790889601852442, 0.17934174412811124, 0.1676985991967691, 0.16191074121240023, 0.16356584560629484], "acc": [0.0, 0.015413851351351352, 0.026551942567567568, 0.055057010135135136, 0.09301097972972973, 0.1356102195945946, 0.17287795608108109, 0.20576435810810811, 0.23273859797297297, 0.2607157939189189, 0.2807749155405405, 0.36069467905405406, 0.4513302364864865, 0.5155722128378378, 0.5714210304054054, 0.6129117398648649, 0.6482263513513513, 0.6925147804054054, 0.719752956081081, 0.7514252533783784, 0.7830975506756757, 0.8089632601351351, 0.8309755067567568, 0.845703125, 0.8602195945945946, 0.866237331081081, 0.8749472128378378, 0.886402027027027, 0.8961148648648649, 0.9051942567567568, 0.9125316722972973, 0.9226140202702703, 0.9266786317567568, 0.9323268581081081, 0.9331186655405406, 0.9375527871621622, 0.939769847972973, 0.9438344594594594, 0.9457875844594594, 0.9499049831081081, 0.9493771114864865]}