{"acc": [0.017040687919463088, 0.053691275167785234, 0.11739723154362416, 0.17606963087248323, 0.21591862416107382, 0.3184773489932886, 0.42229446308724833, 0.4964869966442953, 0.5580432046979866, 0.6089031040268457, 0.6640625, 0.7049077181208053, 0.7329068791946308, 0.7566589765100671, 0.7772126677852349, 0.8024853187919463, 0.8270239093959731, 0.8415478187919463, 0.8531354865771812, 0.8629928691275168, 0.8750524328859061, 0.8874790268456376, 0.8909920302013423, 0.8984899328859061, 0.9078754194630873, 0.9123322147651006, 0.9163171140939598, 0.9268036912751678, 0.927013422818792, 0.9307361577181208, 0.9357697147651006, 0.9372378355704698, 0.9411703020134228, 0.9444735738255033, 0.9441589765100671, 0.9482487416107382, 0.9481963087248322, 0.9508179530201343, 0.9538066275167785, 0.9526006711409396, 0.9545406879194631, 0.9574244966442953, 0.955746644295302, 0.9560088087248322, 0.955746644295302, 0.9565855704697986, 0.9589974832214765, 0.9625104865771812, 0.9596791107382551, 0.9613045302013423, 0.9604656040268457, 0.9625104865771812, 0.9637688758389261, 0.963611577181208, 0.9617764261744967, 0.9636640100671141, 0.9594169463087249, 0.9680159395973155, 0.963611577181208, 0.9632969798657718, 0.9643980704697986, 0.964817533557047, 0.9646602348993288, 0.9634018456375839, 0.9653942953020134, 0.9667051174496645, 0.9647126677852349, 0.9646602348993288, 0.9658137583892618, 0.9652369966442953, 0.9640310402684564, 0.9625629194630873, 0.9666526845637584, 0.9640310402684564, 0.9655515939597316, 0.9658137583892618, 0.9671245805369127, 0.9669148489932886, 0.964765100671141, 0.9668099832214765, 0.9644505033557047, 0.9673343120805369, 0.9649748322147651, 0.9668099832214765, 0.9662856543624161, 0.9639261744966443, 0.9667575503355704, 0.9663905201342282, 0.9652369966442953, 0.9675964765100671, 0.9654467281879194, 0.9638213087248322, 0.9688548657718121, 0.9650796979865772, 0.9678062080536913, 0.9651845637583892, 0.9668099832214765, 0.9675964765100671, 0.9645029362416108, 0.9668099832214765], "val_acc": [0.045669043624161076, 0.13989093959731544, 0.23547609060402686, 0.3044253355704698, 0.3444840604026846, 0.5174601510067114, 0.5761325503355704, 0.6135696308724832, 0.630138422818792, 0.6545721476510067, 0.7015520134228188, 0.701814177852349, 0.7009752516778524, 0.7078963926174496, 0.7080536912751678, 0.7195889261744967, 0.72126677852349, 0.7257760067114094, 0.7286598154362416, 0.7245700503355704, 0.7335885067114094, 0.7339555369127517, 0.7375734060402684, 0.7339031040268457, 0.7411388422818792, 0.7374685402684564, 0.7351090604026845, 0.7374161073825504, 0.7415058724832215, 0.7361577181208053, 0.7356333892617449, 0.7427118288590604, 0.7403523489932886, 0.7376258389261745, 0.7373112416107382, 0.7418204697986577, 0.7367344798657718, 0.7401426174496645, 0.7425545302013423, 0.7416631711409396, 0.7414010067114094, 0.7399328859060402, 0.7411388422818792, 0.7367869127516778, 0.7405096476510067, 0.7420826342281879, 0.7427118288590604, 0.7404047818791947, 0.7421875, 0.7421350671140939, 0.7427642617449665, 0.7432361577181208, 0.743498322147651, 0.7427642617449665, 0.74470427852349, 0.7420302013422819, 0.7422399328859061, 0.7444945469798657, 0.7439702181208053, 0.7429215604026845, 0.7446518456375839, 0.74470427852349, 0.7442323825503355, 0.744809144295302, 0.7452810402684564, 0.7456480704697986, 0.7462772651006712, 0.7465918624161074, 0.7472734899328859, 0.7468015939597316, 0.746119966442953, 0.746015100671141, 0.7470637583892618, 0.7468015939597316, 0.7470637583892618, 0.7467491610738255, 0.7472210570469798, 0.7471686241610739, 0.746172399328859, 0.7471686241610739, 0.7464345637583892, 0.7467491610738255, 0.7467491610738255, 0.7464869966442953, 0.7475880872483222, 0.7496329697986577, 0.7488464765100671, 0.7489513422818792, 0.7494232382550335, 0.7487416107382551, 0.7482697147651006, 0.7484794463087249, 0.748636744966443, 0.7485318791946308, 0.7482172818791947, 0.751205956375839, 0.7519400167785235, 0.7515205536912751, 0.7522021812080537, 0.7528313758389261], "loss": [10.812306599328982, 8.718591078815844, 7.042026834999955, 5.869825659182248, 5.142019310253579, 4.29609789224279, 3.6544709749669835, 3.2334120025570763, 2.9233113223274283, 2.6729441001111227, 2.398253783683649, 2.200383608773251, 2.053574600075715, 1.936612913272525, 1.8402200281219994, 1.6865038779757966, 1.602724637761212, 1.524041166641568, 1.4701085646680538, 1.405130834787484, 1.3529489636421204, 1.2923176412614399, 1.266732131074739, 1.231505022352974, 1.1947732191757867, 1.1583153067419194, 1.1374816668513636, 1.1001901562581926, 1.0822656414652831, 1.067841783465955, 1.044505394745193, 1.0278795847556734, 1.0156668228591048, 0.9985863388384748, 0.9959938458148265, 0.9725523155007586, 0.967509946167069, 0.9560262306824626, 0.9460042367045511, 0.9435652494430542, 0.9335173328450862, 0.9241756056779183, 0.9227237553404481, 0.9211687937678906, 0.9149917514132173, 0.9083236397912838, 0.8987897526497809, 0.8933038687545981, 0.8969901216110127, 0.8931677161447154, 0.8903295649778122, 0.8831355141713315, 0.8826900292562958, 0.8748235414492204, 0.8813714009003352, 0.8714098694340494, 0.881631994407449, 0.859575497624058, 0.8696453277296667, 0.8689179622486933, 0.8682528812213232, 0.8661013839628873, 0.8617211244250303, 0.8651868975002494, 0.861470583101247, 0.8567702574217879, 0.8603375138052358, 0.862980407756447, 0.8577685570156814, 0.8596516385574469, 0.8560219823114024, 0.8609946874164095, 0.8529312538620609, 0.856789488120367, 0.8550948226611886, 0.8541326794848346, 0.8533832736863386, 0.8553003566777146, 0.8569722761643813, 0.851722240447998, 0.8538160776131906, 0.8517334661227745, 0.8576449815858931, 0.8501833317263815, 0.8514222972745064, 0.857219561034401, 0.8513895523228101, 0.8550840806241004, 0.8559110372658544, 0.8537815333212782, 0.857212834110196, 0.8569853767852655, 0.8494345401757516, 0.8559361154201047, 0.8461133677687421, 0.8542918180859329, 0.8539902171832603, 0.8484990394755498, 0.8528643042449183, 0.8495186009263033], "val_loss": [9.627628995268136, 7.502119126735917, 5.86006277679597, 4.884485614379781, 4.320382151027654, 3.35762505723326, 3.045920959255039, 2.8231179898217222, 2.6723420971992033, 2.54151865259913, 2.3214229901364987, 2.297956324263707, 2.2600427469951194, 2.22037173037561, 2.2149526464859113, 2.141367999499276, 2.148764160655489, 2.1343971930894274, 2.0639775639412385, 2.082468085240998, 2.033260641082021, 2.060191840133411, 2.0332339934054637, 2.0307246466611057, 2.005057331299622, 2.011716918257259, 2.0110849150075207, 2.000953486701786, 1.9833172095701999, 2.012947641763111, 2.0162293602956223, 1.9761235809966222, 1.9753270557262754, 2.0019181110714905, 2.013112046174555, 1.9855076218611443, 2.008390021404164, 1.9945925254149726, 1.9813874371899853, 1.985315273272111, 1.9829604097660756, 1.9814487659691165, 1.981023582036063, 1.989858132480775, 1.987654750779171, 1.9724391970858477, 1.9686431172710137, 1.9750256930421664, 1.960034582838916, 1.9524900293190208, 1.962673322466396, 1.9540207354014352, 1.9500071026334826, 1.9507477587501474, 1.9463267782390519, 1.950937583142479, 1.9496772797315713, 1.953165886386129, 1.9520122476872181, 1.9550663448820178, 1.9514310751985384, 1.9534327915850902, 1.9520976843449893, 1.951728917608325, 1.9486206965958512, 1.9480995787870163, 1.9442379754661714, 1.940611141640068, 1.9386853267682478, 1.9408383525457957, 1.9433042627052972, 1.9424902036686071, 1.9411320854353424, 1.940277065206694, 1.9376538615898797, 1.937309846382013, 1.9358826323643628, 1.935097612390582, 1.9354025985570562, 1.9331605786445156, 1.9347681519169135, 1.93129414640017, 1.9339153702627092, 1.9326293288461314, 1.9314749080862774, 1.921438363174464, 1.928649747531686, 1.92109641212745, 1.9219296402579187, 1.922546118297833, 1.9248467195754084, 1.9286338218906582, 1.9266095289447964, 1.9279550817988862, 1.9256050754713532, 1.9135386087750428, 1.9100237628757553, 1.9132681416985173, 1.913751050129833, 1.9098958173054177]}