{"val_loss": [0.0, 11.025012622008452, 10.01316379856419, 8.806274053212759, 7.615935293403831, 6.681098100301382, 6.100623472316845, 5.578951990282214, 5.166327199420413, 4.856478800644746, 4.635955649453241, 4.134055711127616, 3.8964984642492757, 3.724264354319186, 3.6245922591235185, 3.5241963605622986, 3.3883130485947066, 3.3436918323104448, 3.250948554760701, 3.1775307526459566, 3.157384576024236, 3.1014021602836817, 3.070309136364911, 3.067951295826886, 3.0314952457273328, 2.9942228471910632, 3.0054473876953125, 2.9679426566974536, 2.9613932177827165, 2.961959149386432, 2.9450626695478284, 2.9081415517910107, 2.9026037454605103, 2.9061320859032707, 2.8867639109895036, 2.8905685076842436, 2.877435510222976, 2.87412893449938, 2.867861657529264, 2.8595790218662573, 2.8663894485782935, 2.851567487458925, 2.8512053393028878, 2.855398864359469, 2.8451421293052466, 2.846837552818092, 2.83564757978594, 2.832862093641951, 2.8341978691719674, 2.827697657250069, 2.829686912330421], "val_acc": [0.0, 0.07194890202702703, 0.08071157094594594, 0.15493032094594594, 0.20465582770270271, 0.27576013513513514, 0.3000950168918919, 0.3449641047297297, 0.37531672297297297, 0.39321157094594594, 0.40841427364864863, 0.5199535472972973, 0.5596494932432432, 0.5956503378378378, 0.6092166385135135, 0.6333931587837838, 0.6535050675675675, 0.663745777027027, 0.6808488175675675, 0.696315456081081, 0.6923036317567568, 0.7059227195945946, 0.708667652027027, 0.7062922297297297, 0.7170608108108109, 0.7222339527027027, 0.7161634290540541, 0.7202808277027027, 0.7231841216216216, 0.7192778716216216, 0.7201224662162162, 0.7273543074324325, 0.7283572635135135, 0.7279349662162162, 0.7309438344594594, 0.7283572635135135, 0.7315772804054054, 0.7289907094594594, 0.7327913851351351, 0.7322635135135135, 0.7283572635135135, 0.7332136824324325, 0.7333192567567568, 0.7313661317567568, 0.7330025337837838, 0.7319467905405406, 0.7333192567567568, 0.7350084459459459, 0.7341638513513513, 0.7355363175675675, 0.7351668074324325], "loss": [0.0, 11.550944354083088, 10.595582742948789, 9.602740274893272, 8.567285834132013, 7.659466911006618, 6.912551950764012, 6.339819508629876, 5.885568264368418, 5.511965384354463, 5.227101538632367, 4.778254244778608, 4.4035417067038045, 4.167614479322691, 3.9615740324999833, 3.782252424472087, 3.638239341813165, 3.498988309422055, 3.3621437968434513, 3.2324438385061316, 3.1229202908438607, 3.0344160537461975, 2.9586004340970837, 2.8856768285905994, 2.824208324019973, 2.786299219002595, 2.7371491387083724, 2.686856482480023, 2.635158177968618, 2.6122771404884957, 2.56251699215657, 2.516407399564176, 2.4948614642426774, 2.466212543281349, 2.4470828223872827, 2.4199240336547025, 2.400020621918343, 2.3837017304188497, 2.358999906359492, 2.3501108433749223, 2.3267585651294604, 2.297550961777971, 2.302262441532032, 2.273910290486104, 2.273106855315131, 2.257938861846924, 2.260692283913896, 2.244730279252336, 2.238271600491292, 2.224646690729502, 2.211990060033025], "acc": [0.0, 0.01272170608108108, 0.025285050675675675, 0.06265836148648649, 0.10837204391891891, 0.15017947635135134, 0.19024493243243243, 0.23041596283783783, 0.2555954391891892, 0.28325591216216217, 0.3052153716216216, 0.36951013513513514, 0.4267314189189189, 0.4729201858108108, 0.5110853040540541, 0.5425992398648649, 0.573215793918919, 0.5980257601351351, 0.6239442567567568, 0.6542440878378378, 0.675464527027027, 0.6928315033783784, 0.7093538851351351, 0.7219172297297297, 0.7388091216216216, 0.7422930743243243, 0.7537478885135135, 0.7626161317567568, 0.7790329391891891, 0.7751794763513513, 0.790012668918919, 0.7968222128378378, 0.801784206081081, 0.8043179898648649, 0.8085409628378378, 0.8167757601351351, 0.8201541385135135, 0.820629222972973, 0.8275971283783784, 0.8306059966216216, 0.8319256756756757, 0.8392630912162162, 0.8387880067567568, 0.8433804898648649, 0.8428526182432432, 0.8488175675675675, 0.8449113175675675, 0.8497677364864865, 0.8515625, 0.8546241554054054, 0.8599028716216216]}