{"acc": [0.019158291457286432, 0.029627303182579563, 0.040724455611390285, 0.055695142378559465, 0.07427763819095477, 0.09547738693467336, 0.12065536013400335, 0.1481365159128978, 0.1851968174204355, 0.21581867671691793, 0.24701633165829145, 0.27146147403685095, 0.29653475711892796, 0.31841499162479064, 0.3382537688442211, 0.3588253768844221, 0.3783500837520938, 0.40206239530988275, 0.4127407872696817, 0.4323178391959799, 0.44702680067001677, 0.4568153266331658, 0.4692734505862647, 0.4827784757118928, 0.49764447236180903, 0.508322864321608, 0.5204145728643216, 0.5327680067001676, 0.5438128140703518, 0.5496231155778895, 0.5580506700167505, 0.570037688442211, 0.5829145728643216, 0.5893530150753769, 0.5992985762144054, 0.6073597152428811, 0.6144786432160804, 0.6241101340033501, 0.629501675041876, 0.6420121440536013, 0.6491834170854272, 0.6606469849246231, 0.6608563651591289, 0.6776591289782244, 0.6787583752093802, 0.6892797319932998, 0.690640703517588, 0.7059778056951423, 0.705820770519263, 0.7193257956448911], "val_acc": [0.016345347862531435, 0.018755238893545682, 0.019698239731768652, 0.0365674769488684, 0.04851215423302598, 0.07570201173512155, 0.04935037720033529, 0.07413034367141659, 0.125314333612741, 0.15470452640402346, 0.21605196982397318, 0.23878876781223807, 0.23239731768650462, 0.26325440067057837, 0.2842623637887678, 0.31653394803017604, 0.3053751047778709, 0.33701802179379714, 0.38128667225481977, 0.36263621123218776, 0.3959555741827326, 0.41313914501257337, 0.3831726739312657, 0.4110435875943001, 0.378719614417435, 0.43047988264878456, 0.42351215423302596, 0.4180113160100587, 0.44640611902766136, 0.4597652975691534, 0.4410100586756077, 0.4679379715004191, 0.46882858340318523, 0.47181475272422463, 0.46851424979044426, 0.4817162615255658, 0.4899413243922883, 0.48580259849119867, 0.4961756077116513, 0.48276404023470243, 0.5023051131601006, 0.48543587594300086, 0.4548931265716681, 0.49507544006705784, 0.507753562447611, 0.5031957250628667, 0.5095347862531433, 0.5073868398994132, 0.5019383906119028, 0.5206936295054484], "loss": [5.102049770467046, 4.667899696072142, 4.542989110427486, 4.393469369790862, 4.22573691037432, 4.059749197320922, 3.8911264130418224, 3.675132469116543, 3.4516071578366074, 3.2540295769022136, 3.1002448559606095, 2.96298169480696, 2.838675159205943, 2.7327307684337674, 2.61770495497801, 2.514399939545834, 2.435665136905172, 2.3404950788073005, 2.2573504797377977, 2.1864170341236107, 2.114087467816607, 2.0541092202292015, 1.9939155872143692, 1.9301496910889144, 1.8780078139137384, 1.8255766720028979, 1.7719319889593363, 1.725861608582725, 1.6746262047857894, 1.633057123103134, 1.6016228454346633, 1.5530655148440669, 1.513902263300902, 1.481413505684391, 1.4334119902783302, 1.3960123327708924, 1.3552011950081917, 1.3227744305153788, 1.2952289934483805, 1.2488903490392806, 1.2268333371909619, 1.1906653410026575, 1.1667706869305479, 1.113741286024077, 1.0988007886725255, 1.0639071780283447, 1.0401603426016754, 1.0082491373821119, 0.9812232869703765, 0.9486011559989185], "val_loss": [4.844777656820574, 5.011820360680938, 4.788487576678932, 4.6479734477133485, 4.499705529073058, 4.183210752835717, 4.619018571674574, 4.331456059881948, 3.7402801829431604, 3.6213495015898176, 3.232898076941561, 3.13257527291425, 3.1465198879769543, 2.971300309281937, 2.939435704655739, 2.7451745560462997, 2.7932734111728332, 2.6765954848207154, 2.4458305332107098, 2.5228868536057836, 2.354105177589154, 2.271987546419558, 2.4273237638981127, 2.306621449591228, 2.4637586127182862, 2.2156006675354094, 2.2652716108059945, 2.2832561381604624, 2.157411159233995, 2.0890777279425348, 2.156133228605371, 2.0574048436297554, 2.0577980728581085, 2.030007802480824, 2.080714760062481, 2.017468293024928, 2.0104413512166768, 2.0142799694300297, 1.9857919691794077, 2.0357309266087995, 1.940256228540889, 2.042601263882828, 2.150926321719938, 2.0319116150543457, 1.9387518651127715, 1.9730342263847664, 1.9904262334333183, 1.9867131719545268, 2.0332573607301674, 1.9612577763906769]}