{"val_loss": [0.0, 4.798831662616214], "val_acc": [0.0, 0.06577280405405406], "loss": [0.0, 4.925664354015041], "acc": [0.0, 0.011349239864864864]}