{"val_loss": [0.0, 4.779582075170569, 4.622090700510386, 4.167935255411509, 3.6041577377834835, 3.1866478017858557, 2.842925503447249, 2.6116284035347603, 2.4503910831502966, 2.328959503689328, 2.209544995346585, 1.760808835158477, 1.5321223880793597, 1.4019661771284568, 1.2939662482287433, 1.2475697655935545, 1.2039190885182973, 1.1764895722672746, 1.2812721374872569, 1.2725769917707186, 1.1937347714965407, 1.218564795481192, 1.2074044395137478, 1.199745830651876, 1.2176816592345368, 1.2316804367142755, 1.249532345178965, 1.2989886322536983, 1.2829061448574066, 1.2818731158166319, 1.3153151458985097, 1.3714723538708042, 1.3539203195958525, 1.3657013967230514, 1.36147581806054, 1.3555872641705178, 1.3978939942411475, 1.3976995284492906, 1.4173806897691779, 1.420161532389151, 1.4447915022437636], "val_acc": [0.0, 0.06777871621621621, 0.08271748310810811, 0.11555109797297297, 0.19927153716216217, 0.2592905405405405, 0.3170924831081081, 0.35071790540540543, 0.37948690878378377, 0.40493032094594594, 0.42055532094594594, 0.5304054054054054, 0.5903716216216216, 0.6252639358108109, 0.6510768581081081, 0.6677576013513513, 0.6823796452702703, 0.6987436655405406, 0.6783678209459459, 0.6901921452702703, 0.7087204391891891, 0.7162162162162162, 0.7212837837837838, 0.7261929898648649, 0.7282516891891891, 0.7252956081081081, 0.7251372466216216, 0.730785472972973, 0.7313133445945946, 0.7309438344594594, 0.7292546452702703, 0.7310494087837838, 0.736328125, 0.7351668074324325, 0.736011402027027, 0.73828125, 0.7337943412162162, 0.7351140202702703, 0.7335304054054054, 0.7351140202702703, 0.7361697635135135], "loss": [0.0, 4.8878551044979615, 4.76697013184831, 4.584163427352905, 4.251111768387459, 3.8897244221455343, 3.576282604320629, 3.304579451277449, 3.0898861949508256, 2.9469759915326095, 2.8005729108243376, 2.4045531169788257, 1.9407407415879738, 1.6820863259805214, 1.470518998197607, 1.2679972036464795, 1.1297827669092126, 0.9707635335020117, 0.8629683352805473, 0.7643061779640816, 0.6735212061856244, 0.5789633574517997, 0.4986538266813433, 0.44466486371852254, 0.4171152473301501, 0.38371028529631124, 0.36264580568751775, 0.3220443961185378, 0.30011966401660767, 0.27487634867429733, 0.2512356433514002, 0.23047629119576635, 0.2088258310749724, 0.18971186272195867, 0.18525733114094348, 0.17854558646276192, 0.1649750035155464, 0.15385615201415243, 0.1519083745173506, 0.14469423950523944, 0.13460169712433945], "acc": [0.0, 0.01198268581081081, 0.026024070945945946, 0.051942567567567564, 0.0909522804054054, 0.13613809121621623, 0.16870777027027026, 0.20608108108108109, 0.24361275337837837, 0.2611908783783784, 0.28874577702702703, 0.3676097972972973, 0.4655299831081081, 0.5260240709459459, 0.5799197635135135, 0.631809543918919, 0.6672297297297297, 0.7084565033783784, 0.7410789695945946, 0.7673141891891891, 0.7942356418918919, 0.8199429898648649, 0.8461254222972973, 0.8611697635135135, 0.8679793074324325, 0.8788534628378378, 0.8893581081081081, 0.8988597972972973, 0.903293918918919, 0.9133762668918919, 0.9192356418918919, 0.928684543918919, 0.9363386824324325, 0.940456081081081, 0.9413006756756757, 0.9441511824324325, 0.9485325168918919, 0.953125, 0.9537584459459459, 0.9551836993243243, 0.9594594594594594]}