{"acc": [0.01567743288590604, 0.0509123322147651, 0.11356963087248322, 0.16112625838926176, 0.2036493288590604, 0.3076761744966443, 0.4147965604026846, 0.4936556208053691, 0.557361577181208, 0.612049077181208, 0.6713506711409396, 0.7144505033557047, 0.7399328859060402, 0.7608536073825504, 0.7866505872483222, 0.8094064597315436, 0.8322147651006712, 0.8443267617449665, 0.8558095637583892, 0.8661912751677853, 0.8830222315436241, 0.891988255033557, 0.8993288590604027, 0.9006396812080537, 0.9113359899328859, 0.9159500838926175, 0.9237625838926175, 0.9233431208053692, 0.9303166946308725, 0.9328334731543624, 0.9377097315436241, 0.9406459731543624, 0.9411703020134228, 0.9455746644295302, 0.947934144295302, 0.9519714765100671, 0.9507655201342282, 0.9527579697986577, 0.9534395973154363, 0.9541736577181208, 0.9555893456375839, 0.9588401845637584, 0.9589974832214765, 0.9578439597315436, 0.9609899328859061, 0.9599412751677853, 0.9592596476510067, 0.9616191275167785, 0.9614093959731543, 0.9618288590604027, 0.9626153523489933, 0.9628775167785235, 0.9631921140939598, 0.9650796979865772, 0.9642932046979866, 0.9637164429530202, 0.9641359060402684, 0.9668099832214765, 0.9676489093959731, 0.9663905201342282, 0.9659710570469798, 0.96623322147651, 0.9641883389261745, 0.9671245805369127, 0.9642932046979866, 0.9656040268456376, 0.9672818791946308, 0.9668624161073825, 0.9661807885906041, 0.9681732382550335, 0.9680159395973155, 0.9670197147651006, 0.9671245805369127, 0.9674916107382551, 0.9681732382550335, 0.9660234899328859, 0.9681208053691275, 0.967386744966443, 0.9675964765100671, 0.9668099832214765, 0.9660234899328859, 0.9679110738255033, 0.966128355704698, 0.9664953859060402, 0.969955956375839, 0.9685402684563759, 0.9681208053691275, 0.9670721476510067, 0.9696937919463087, 0.9706375838926175, 0.9686451342281879, 0.9682781040268457, 0.9676489093959731, 0.9684878355704698, 0.9659186241610739, 0.9695364932885906, 0.9695364932885906, 0.9668099832214765, 0.9686975671140939, 0.9695889261744967], "val_acc": [0.06596057046979865, 0.13952390939597314, 0.2193791946308725, 0.2953544463087248, 0.35345008389261745, 0.49507130872483224, 0.584731543624161, 0.6181312919463087, 0.6581900167785235, 0.6607067953020134, 0.7048028523489933, 0.7039114932885906, 0.717439177852349, 0.704488255033557, 0.7124580536912751, 0.7259857382550335, 0.72907927852349, 0.7285025167785235, 0.7336409395973155, 0.7269295302013423, 0.740824244966443, 0.7335360738255033, 0.7275062919463087, 0.739565855704698, 0.7386220637583892, 0.7362625838926175, 0.735580956375839, 0.7335885067114094, 0.7404572147651006, 0.7367869127516778, 0.7386220637583892, 0.7432885906040269, 0.7429739932885906, 0.7361052852348994, 0.7417156040268457, 0.7430264261744967, 0.7428691275167785, 0.7442323825503355, 0.7431312919463087, 0.7457005033557047, 0.7412437080536913, 0.7439702181208053, 0.743550755033557, 0.7427118288590604, 0.7452810402684564, 0.7452810402684564, 0.7441275167785235, 0.7451237416107382, 0.7443372483221476, 0.7457529362416108, 0.7476405201342282, 0.7459626677852349, 0.7452810402684564, 0.7463821308724832, 0.7457005033557047, 0.7465394295302014, 0.7464869966442953, 0.746119966442953, 0.7472210570469798, 0.7474307885906041, 0.7472734899328859, 0.7470637583892618, 0.7466967281879194, 0.7463821308724832, 0.7462772651006712, 0.747378355704698, 0.7484794463087249, 0.7477978187919463, 0.74748322147651, 0.747325922818792, 0.7466442953020134, 0.7477978187919463, 0.7475880872483222, 0.7469064597315436, 0.7479026845637584, 0.7480599832214765, 0.7477453859060402, 0.7477453859060402, 0.7477453859060402, 0.7476405201342282, 0.7480075503355704, 0.7484270134228188, 0.7481648489932886, 0.7480075503355704, 0.7481124161073825, 0.7507864932885906, 0.7510486577181208, 0.7507864932885906, 0.7506816275167785, 0.7504718959731543, 0.7493183724832215, 0.7494232382550335, 0.7488464765100671, 0.748794043624161, 0.7489513422818792, 0.7523594798657718, 0.7524119127516778, 0.7523070469798657, 0.7521497483221476, 0.7533557046979866], "loss": [10.803775784153267, 8.654193598152007, 6.9871415595880295, 5.867359028566604, 5.141388635507366, 4.290692520621639, 3.6210051606965545, 3.2117985518986747, 2.9023540692041383, 2.6397595133557417, 2.352266687274779, 2.143829689729934, 2.0158895902185634, 1.8978052487309347, 1.7941109670088595, 1.6635843707411082, 1.5615179978761098, 1.5049243041332936, 1.438518658980427, 1.3909161606891043, 1.313098350227279, 1.268617616803854, 1.23098846449948, 1.2116498743127657, 1.1707565706448266, 1.1396600186024737, 1.1015885504300162, 1.0887914255961475, 1.0649511608101379, 1.051908950677654, 1.0261359470802665, 1.0116718595459957, 0.9976631300961412, 0.9881324828071082, 0.9735255235393575, 0.95387728382277, 0.9450900978690026, 0.9407975307647014, 0.9350045069352092, 0.9267264776581886, 0.9201384326755601, 0.9055189378309569, 0.8992993379599296, 0.8996101227782717, 0.888413146238199, 0.8956672437239013, 0.885456250217937, 0.8824967383938348, 0.8790568931390775, 0.8771444137064403, 0.8729908026304821, 0.8703986104302759, 0.8633233640817988, 0.8612157822455335, 0.862665320802855, 0.8584798704457763, 0.8574280560816694, 0.8544064314173372, 0.8500578421474303, 0.8491171054392053, 0.853002765634716, 0.8507736757297644, 0.8512985722330593, 0.8475419878959656, 0.8507301993418059, 0.8436798087302471, 0.8434399176363977, 0.8433203293173105, 0.8483733120780663, 0.8414759483913448, 0.8406150317032065, 0.8395281642075353, 0.8406449906377984, 0.8389194903757748, 0.8377025565445023, 0.8423114164963664, 0.8377603068447753, 0.8412886909990502, 0.843621784208605, 0.8409310939327982, 0.8406005909778927, 0.8388829551287146, 0.8420999820200389, 0.8393959295029608, 0.8334533816215975, 0.837136899664898, 0.836637152121371, 0.8395570302569626, 0.8331764970449793, 0.8299976507289297, 0.8359863762087469, 0.8362639840417261, 0.8413103716885484, 0.8370369698777295, 0.8393114285181033, 0.8325261305642608, 0.8345615909803634, 0.8376672109901505, 0.8352063218219168, 0.8342774200359447], "val_loss": [9.583494035989647, 7.456219065109355, 5.877341971301393, 4.893343667855999, 4.2563415429736144, 3.4089354460671446, 2.956262192470115, 2.727209365607908, 2.5412723946091313, 2.5215413730416523, 2.2876287210707695, 2.2625454708233774, 2.1998550783867805, 2.2299830801534974, 2.2258490027997317, 2.1237477800190048, 2.0898689247617788, 2.096404721272872, 2.074885895588254, 2.0762776836452868, 2.0351682253331944, 2.0595883719073047, 2.0573629888912177, 2.0269489144318857, 2.0087945241256047, 2.0092132855581757, 2.0225823661624984, 2.015911794348851, 2.016365478502824, 2.0119914204482265, 2.0148947118912766, 1.9631424718255164, 1.9720375997908164, 1.9979618907774854, 1.9800986047559137, 1.97151808090658, 1.9861493422681054, 1.9440032011710557, 1.975743404970873, 1.9320474475022131, 1.9416540077068662, 1.937992036742652, 1.9361722977369424, 1.9432478355081289, 1.9386010826034035, 1.9307849307188252, 1.9441140118061295, 1.9279367971740313, 1.9291290116790156, 1.9203788114074092, 1.9234816079971775, 1.9250359879244094, 1.9253270850085573, 1.9260988915526627, 1.9309617849004348, 1.9187988670880363, 1.9161720479894804, 1.9192593721735398, 1.916684255503968, 1.9172224506435778, 1.9213046915579162, 1.9180104628505323, 1.920071158233105, 1.9192281177379942, 1.9207664644158127, 1.9205434742389909, 1.9153549855187435, 1.9160152681721936, 1.9169308643213054, 1.9142682504333906, 1.915988004847661, 1.9119291545560695, 1.9116375602331737, 1.9161630476881193, 1.9130258248156349, 1.9138664859253287, 1.9140997301012077, 1.9129854088661655, 1.9139323494578369, 1.9131950712043968, 1.9142612606887048, 1.916467024975975, 1.9143451564263978, 1.9128676260877775, 1.9129641644106616, 1.9043623497022077, 1.9021278471754701, 1.9006328470754943, 1.902660259464443, 1.9026440065979158, 1.9050966965272123, 1.9020734497364735, 1.9062781393928017, 1.9046619954525223, 1.9070779777213231, 1.8856344879073585, 1.887670501766589, 1.8864806278439976, 1.8874444153484882, 1.885664775467559]}