{"val_loss": [0.0, 11.017181499584302, 9.97164807448516, 8.75735264855462, 7.561458213909252, 6.672428479065767, 6.078493646673254, 5.617564742629592, 5.152359775594763, 4.869902011510488, 4.592362726056898, 4.003483556412362, 3.7177548601820662, 3.467108623401539, 3.378560739594537, 3.244549300219562, 3.138643441973506, 3.061851656114733, 2.9996829773928666, 2.9443333728893384, 2.9376588576548808, 2.8394440509177543, 2.7706964305929236, 2.75486095853754, 2.735931834659061, 2.702390184273591, 2.713846390311782, 2.6776294386064685, 2.6670809210957707, 2.6351889694059216, 2.6342241957380965, 2.588927349528751, 2.5859747351826847, 2.5722989166105115, 2.5689698876561344, 2.5590181479582914, 2.582271579149607, 2.54387104511261, 2.550465744894904, 2.538460112906791, 2.5341694902729346], "val_acc": [0.0, 0.07210726351351351, 0.09237753378378379, 0.14453125, 0.21141258445945946, 0.28183065878378377, 0.32194890202702703, 0.34649493243243246, 0.3840793918918919, 0.4052998310810811, 0.4247782939189189, 0.5358424831081081, 0.5903188344594594, 0.6371938344594594, 0.650707347972973, 0.6716110641891891, 0.6856524493243243, 0.6965266047297297, 0.7003272804054054, 0.7086148648648649, 0.7063450168918919, 0.7203336148648649, 0.7299936655405406, 0.7325802364864865, 0.7345861486486487, 0.7354307432432432, 0.7291490709459459, 0.7331608952702703, 0.7313133445945946, 0.7364336993243243, 0.7354307432432432, 0.7434543918918919, 0.7399704391891891, 0.7435599662162162, 0.7401815878378378, 0.7413956925675675, 0.7387563344594594, 0.7397065033783784, 0.7391258445945946, 0.7397592905405406, 0.7396009290540541], "loss": [0.0, 11.547393167341077, 10.582266575581318, 9.590484786678005, 8.564051834312645, 7.636269376084611, 6.924554502641833, 6.335944845869735, 5.899921894073486, 5.543708086013794, 5.246490040340939, 4.718396277041049, 4.195026313936388, 3.8744875289298393, 3.5830681678411125, 3.3795963719084456, 3.165929765314669, 2.9835613321613623, 2.8337846768868937, 2.7008440945599532, 2.5799913148622253, 2.432331085205078, 2.3287360345995105, 2.2640632358757227, 2.1840096228831523, 2.1361112433510856, 2.0786171185003743, 2.019378373751769, 1.9727050420400258, 1.931996735366615, 1.876276177328986, 1.8334607481956482, 1.7893910714097925, 1.7647645247949135, 1.7362589739464425, 1.7192806730399262, 1.6914116418039478, 1.665515633853706, 1.6526104276244704, 1.6296718974371214, 1.6155572259748303], "acc": [0.0, 0.012404983108108109, 0.03093327702702703, 0.06455869932432433, 0.11328125, 0.15809755067567569, 0.19525971283783783, 0.23247466216216217, 0.2578125, 0.28425886824324326, 0.3053737331081081, 0.38471283783783783, 0.4723923141891892, 0.5324641047297297, 0.5834037162162162, 0.6219383445945946, 0.6606313344594594, 0.6958931587837838, 0.7221811655405406, 0.7472022804054054, 0.771484375, 0.796875, 0.815403293918919, 0.8289695945945946, 0.8436444256756757, 0.8535684121621622, 0.862278293918919, 0.8724134290540541, 0.8791701858108109, 0.883815456081081, 0.8927364864864865, 0.8989125844594594, 0.9069362331081081, 0.911792652027027, 0.9148543074324325, 0.9173880912162162, 0.9232474662162162, 0.9266786317567568, 0.9271009290540541, 0.9283678209459459, 0.930690456081081]}