{"val_loss": [0.0, 0.0, 0.0, 0.0, 0.0, 0.0, 0.0, 0.0, 0.0, 0.0, 10.587367736253162, 8.981349189809505, 7.428118392125072, 6.306523227051601, 5.6492118963459195, 5.140743396426207, 4.670948265382908, 4.320908986482044, 4.1221042143418485, 3.9411137264046894, 3.4304047510927957, 3.22494706851524, 3.070875806296432, 2.97580859965126, 2.8667192059075273, 2.7935884750929456, 2.7613314478189355, 2.704675448820895, 2.6673490361079275, 2.603065857151211, 2.6039462185546056, 2.5725094087971936, 2.5328350243152387, 2.5442019853015876, 2.513110984891853, 2.5257465007321147, 2.4892650082607397, 2.5007222002784677, 2.4799430930374453, 2.4739809036254883, 2.465044434438616, 2.4559034125116845, 2.4587324817708676, 2.4658153969169465, 2.443156360779833, 2.4453235504611226, 2.4347822362144522, 2.429542231079716, 2.4278636410732397, 2.4283569947185133, 2.424351178559681, 2.4287859385445616, 2.414749680749522, 2.413176333344223, 2.4061356726908842, 2.4136178557504744, 2.416615951781305, 2.4130745118096373, 2.392464226524302, 2.404743307388869, 2.4008824969298086, 2.3985442427180756, 2.3989692334360724, 2.3951478380484867, 2.3935637162035746, 2.3994467146444642, 2.3944465946031097, 2.3933723388902295, 2.394223546021737, 2.3886308814055166, 2.3931208008887785, 2.3915824418099936, 2.392631746778552, 2.3890547208337978, 2.3894848063488134, 2.3897802101685697, 2.3945955238086265, 2.390564908117256, 2.3875226654462365, 2.389418830807577, 2.386067280033291, 2.382574554257745, 2.380730878586737, 2.3820039153899124, 2.3822476111802477, 2.382510798089456, 2.3800268013205303, 2.3804648114530833, 2.381131949840776, 2.382210190664202, 2.3730270062517, 2.3699568374044944, 2.3720727206876613, 2.372798886075116, 2.372630162527097, 2.3725169409041436, 2.3715043843992603, 2.3717561872213477, 2.3687108411084887, 2.366350494775196, 2.3552225052110303, 2.3566792603307123, 2.355575076685656, 2.355293710759822, 2.35560772883012, 2.355354392288515, 2.3539674602098914, 2.3558859105078165, 2.355931573266151, 2.355131886149413], "val_acc": [0.0, 0.0, 0.0, 0.0, 0.0, 0.0, 0.0, 0.0, 0.0, 0.0, 0.07476929530201343, 0.12746434563758388, 0.18896812080536912, 0.28104026845637586, 0.3172713926174497, 0.3468435402684564, 0.4059878355704698, 0.4256501677852349, 0.4287437080536913, 0.43409186241610737, 0.5526950503355704, 0.5952181208053692, 0.6266778523489933, 0.6492764261744967, 0.6671036073825504, 0.6797399328859061, 0.6815750838926175, 0.6933200503355704, 0.6997168624161074, 0.7105180369127517, 0.7133494127516778, 0.7151321308724832, 0.7239932885906041, 0.7196413590604027, 0.7255662751677853, 0.7223678691275168, 0.7308095637583892, 0.7257235738255033, 0.7303376677852349, 0.7289744127516778, 0.7306522651006712, 0.7319630872483222, 0.7285025167785235, 0.727768456375839, 0.7323825503355704, 0.7310717281879194, 0.731700922818792, 0.7344274328859061, 0.7329593120805369, 0.7338506711409396, 0.7354760906040269, 0.7341128355704698, 0.7358955536912751, 0.7334312080536913, 0.7360528523489933, 0.7341652684563759, 0.73185822147651, 0.7345847315436241, 0.7371539429530202, 0.7365247483221476, 0.7372063758389261, 0.7378880033557047, 0.735738255033557, 0.7371015100671141, 0.7366820469798657, 0.7363150167785235, 0.7367869127516778, 0.7367869127516778, 0.7367869127516778, 0.7368393456375839, 0.7375209731543624, 0.7371539429530202, 0.738255033557047, 0.7375734060402684, 0.7378880033557047, 0.738202600671141, 0.7373636744966443, 0.738202600671141, 0.7387793624161074, 0.7375734060402684, 0.7379404362416108, 0.7393036912751678, 0.7387269295302014, 0.7386744966442953, 0.7391988255033557, 0.7394609899328859, 0.7390415268456376, 0.739565855704698, 0.7393036912751678, 0.7388842281879194, 0.740981543624161, 0.7410339765100671, 0.7407193791946308, 0.7406669463087249, 0.7405096476510067, 0.740981543624161, 0.7411388422818792, 0.740981543624161, 0.7415583053691275, 0.7417156040268457, 0.7450188758389261, 0.7449664429530202, 0.7443372483221476, 0.7445469798657718, 0.7450188758389261, 0.7444421140939598, 0.7452810402684564, 0.74470427852349, 0.7444945469798657, 0.7449664429530202], "loss": [0.0, 0.0, 0.0, 0.0, 0.0, 0.0, 0.0, 0.0, 0.0, 0.0, 11.329741823593242, 9.953937325701618, 8.537534860956589, 7.36853619069861, 6.513714070288127, 5.873255211234893, 5.393117552635654, 5.019804567298634, 4.733248905847536, 4.512294593273393, 4.057657987479396, 3.6882110298079933, 3.4113749417682624, 3.2114112025139314, 3.033853905312967, 2.899008477294205, 2.767057140401546, 2.64256251578363, 2.5270570956620593, 2.4454541398374827, 2.3292942847181486, 2.2625335270926454, 2.203035570631091, 2.150249615611646, 2.1055493386799857, 2.0585119316241887, 2.0143672507881316, 1.992388222041546, 1.9541455851305252, 1.9081116938751015, 1.8680618793372339, 1.8460634186763891, 1.8231455207671095, 1.8027546269781638, 1.7942061232240407, 1.7715062263027934, 1.7445701920746157, 1.7258252209464975, 1.7115438128477776, 1.695988805502053, 1.6832716120969529, 1.6715255135657803, 1.6566575765609741, 1.6542008195147417, 1.641530377752829, 1.6298561224201382, 1.6247283876342262, 1.6240752255356552, 1.6071132941534054, 1.598011840109857, 1.597591401746609, 1.5858307748832958, 1.590221927470009, 1.5793377129023507, 1.580519107364168, 1.571026945274148, 1.572009820266058, 1.5674994031854923, 1.555239875844661, 1.5626548456665654, 1.555460174611751, 1.5519865943281443, 1.5488794305980607, 1.543517601570027, 1.5502989548164725, 1.5458827394767096, 1.5391361625402566, 1.5327132380248716, 1.52861763086895, 1.5370211345237375, 1.5310356704980734, 1.532471648798693, 1.5357823595904665, 1.526759022834317, 1.524633281982985, 1.5309585436878588, 1.5316698895204788, 1.531242579421741, 1.5256375962455802, 1.5241640686188769, 1.532159748493425, 1.525776759890102, 1.5235379662289716, 1.5090059826038027, 1.5293600935263922, 1.5165539795920353, 1.5133859583195424, 1.5199966670682765, 1.5207487416747432, 1.518290620522211, 1.5263541920873143, 1.5261726355392662, 1.5215604417276063, 1.5134191961096437, 1.5204037283890999, 1.5130293185278874, 1.517655239009217, 1.5151755969796405, 1.521427567373186, 1.514926342356125],