{"acc": [0.0, 0.0, 0.0, 0.0, 0.0, 0.0, 0.0, 0.0, 0.0, 0.0, 0.018246644295302015, 0.0630243288590604, 0.12688758389261745, 0.1843540268456376, 0.22923657718120805, 0.2646812080536913, 0.2908976510067114, 0.31291946308724833, 0.3288590604026846, 0.34317323825503354, 0.4200398489932886, 0.4974832214765101, 0.5519609899328859, 0.5932256711409396, 0.6322357382550335, 0.6588192114093959, 0.6869756711409396, 0.7087353187919463, 0.7266149328859061, 0.7523070469798657, 0.7802537751677853, 0.7966652684563759, 0.8031669463087249, 0.8213087248322147, 0.822986577181208, 0.8344169463087249, 0.8449035234899329, 0.8511430369127517, 0.8543938758389261, 0.8644609899328859, 0.8752621644295302, 0.884123322147651, 0.88532927852349, 0.8907822986577181, 0.8938758389261745, 0.8965499161073825, 0.8967072147651006, 0.902369966442953, 0.9025272651006712, 0.9078229865771812, 0.9082948825503355, 0.9110213926174496, 0.9163171140939598, 0.9168938758389261, 0.917890100671141, 0.9207739093959731, 0.9183095637583892, 0.9237625838926175, 0.9240771812080537, 0.923185822147651, 0.9237625838926175, 0.927065855704698, 0.9252307046979866, 0.9318896812080537, 0.9291107382550335, 0.9278523489932886, 0.9324664429530202, 0.9265415268456376, 0.9304215604026845, 0.930998322147651, 0.9339869966442953, 0.9332529362416108, 0.9290058724832215, 0.9354026845637584, 0.9344064597315436, 0.9312080536912751, 0.9327286073825504, 0.933619966442953, 0.9352978187919463, 0.9355599832214765, 0.9359794463087249, 0.9330956375838926, 0.9334626677852349, 0.9366086409395973, 0.9365037751677853, 0.9375524328859061, 0.9347734899328859, 0.933672399328859, 0.9354026845637584, 0.9337772651006712, 0.9366610738255033, 0.9334626677852349, 0.9364513422818792, 0.9357172818791947, 0.9331480704697986, 0.9370281040268457, 0.9365562080536913, 0.9331480704697986, 0.9341967281879194, 0.9380767617449665, 0.9375, 0.9351929530201343, 0.9366610738255033, 0.9360843120805369, 0.9378670302013423, 0.9379718959731543, 0.9370805369127517, 0.9389156879194631, 0.9404886744966443, 0.9371329697986577], "val_acc": [0.0, 0.0, 0.0, 0.0, 0.0, 0.0, 0.0, 0.0, 0.0, 0.0, 0.06952600671140939, 0.1415163590604027, 0.2514681208053691, 0.3145448825503356, 0.3535025167785235, 0.39481963087248323, 0.40577810402684567, 0.4235528523489933, 0.4394400167785235, 0.4437919463087248, 0.5765520134228188, 0.5940645973154363, 0.6152999161073825, 0.6538905201342282, 0.6500104865771812, 0.6721371644295302, 0.6809458892617449, 0.6889681208053692, 0.6833578020134228, 0.6973573825503355, 0.7185402684563759, 0.7195364932885906, 0.7192743288590604, 0.723940855704698, 0.7261954697986577, 0.7196413590604027, 0.7264576342281879, 0.7170197147651006, 0.7276111577181208, 0.7269819630872483, 0.7327495805369127, 0.7342177013422819, 0.7328020134228188, 0.7355285234899329, 0.7358431208053692, 0.7378880033557047, 0.7361577181208053, 0.7324349832214765, 0.7337982382550335, 0.7325922818791947, 0.7365771812080537, 0.7386220637583892, 0.7399853187919463, 0.738255033557047, 0.7354236577181208, 0.7347944630872483, 0.7375734060402684, 0.7403523489932886, 0.7399853187919463, 0.7409291107382551, 0.7410864093959731, 0.7410864093959731, 0.7406145134228188, 0.7405620805369127, 0.7427118288590604, 0.7409291107382551, 0.738255033557047, 0.7411912751677853, 0.7422399328859061, 0.7409291107382551, 0.7391463926174496, 0.7387793624161074, 0.7393561241610739, 0.73967072147651, 0.7399853187919463, 0.7405096476510067, 0.7402474832214765, 0.7411912751677853, 0.7405096476510067, 0.7398804530201343, 0.7393036912751678, 0.7386220637583892, 0.7384123322147651, 0.7386744966442953, 0.7384647651006712, 0.7387269295302014, 0.7385696308724832, 0.7389890939597316, 0.739513422818792, 0.7390939597315436, 0.739565855704698, 0.73967072147651, 0.7391463926174496, 0.7390939597315436, 0.7396182885906041, 0.7393036912751678, 0.7403523489932886, 0.739565855704698, 0.7400377516778524, 0.7401426174496645, 0.7410864093959731, 0.7413485738255033, 0.7410864093959731, 0.7410864093959731, 0.7410864093959731, 0.7411388422818792, 0.7404047818791947, 0.7402474832214765, 0.7405096476510067, 0.7403523489932886], "loss": [0.0, 0.0, 0.0, 0.0, 0.0, 0.0, 0.0, 0.0, 0.0, 0.0, 10.518811782734506, 7.853666439952466, 6.0414468490037345, 5.029096443381086, 4.448536960870627, 4.091992565449452, 3.8613768567974938, 3.6920723115037752, 3.558308796594607, 3.458684810856045, 3.0896119863394924, 2.6644469251568688, 2.4215959350534733, 2.2599734963986697, 2.1054337384716777, 1.9762602900498665, 1.866585124259027, 1.77139462800634, 1.700088700992149, 1.5979765429592772, 1.4878772105146574, 1.4176123542273604, 1.3675287081891259, 1.3226168691711937, 1.2987926558360157, 1.2683371273463204, 1.2289345352441672, 1.1976393645241756, 1.175538968719892, 1.1426693501088443, 1.0992477524200541, 1.0662753930027853, 1.0603185060040263, 1.0388075401318952, 1.0197046443119946, 1.0169074219345247, 1.0023360956435237, 0.9856211471077579, 0.9859109688925263, 0.9631697687526677, 0.9540525290790021, 0.9471641226902904, 0.9298527420767202, 0.9299519386067486, 0.9174044864289712, 0.9101690974011517, 0.9100565898338421, 0.8946961764521246, 0.8936969113829952, 0.8955183809235592, 0.8905250154085608, 0.878149424623323, 0.8832094825354199, 0.8616254169668928, 0.8671299459150174, 0.8690627401307125, 0.859285877455001, 0.8644428229171958, 0.8629427368208866, 0.8609522953129455, 0.8534119941244189, 0.8470544827064411, 0.85262929713166, 0.8454109086286301, 0.8460156189515287, 0.848370162832657, 0.8480001051953975, 0.8430257375608354, 0.8389889149857848, 0.8430798937810348, 0.8349696313774826, 0.8423494224580342, 0.8369711277468893, 0.8300262545579232, 0.8361856493373845, 0.8322094146837324, 0.8346805576510077, 0.8339894485953671, 0.8337704023258798, 0.8369819197878742, 0.830122563662945, 0.8327235771505624, 0.8277792050534447, 0.8342364646444385, 0.8337767424199405, 0.8299197234563379, 0.8327057553617746, 0.834651451382861, 0.8301368087730152, 0.8248776913489271, 0.824601682240531, 0.8300579998317181, 0.8285811307446268, 0.8301900793241974, 0.8269214714133499, 0.8260134602553092, 0.8286490068339661, 0.823426879492382, 0.8286249165566976, 0.8267389495900813],