{"acc": [0.0, 0.7923657718120806, 0.7956166107382551, 0.8036912751677853, 0.8118183724832215, 0.8172189597315436, 0.8213087248322147, 0.8298028523489933, 0.8360947986577181, 0.8410234899328859, 0.846371644295302, 0.8474727348993288, 0.855494966442953, 0.8581166107382551, 0.8653523489932886, 0.8680788590604027, 0.8751572986577181, 0.878932466442953, 0.8792994966442953, 0.8831270973154363, 0.8916212248322147, 0.891988255033557, 0.897074244966443, 0.9006396812080537, 0.9027894295302014, 0.9029467281879194, 0.910130033557047, 0.9086094798657718, 0.911388422818792, 0.916736577181208, 0.9184144295302014, 0.9208787751677853, 0.920564177852349, 0.9249161073825504, 0.9274853187919463, 0.928376677852349, 0.9274328859060402, 0.9326237416107382, 0.9381291946308725, 0.934825922818792, 0.9369756711409396, 0.9365562080536913, 0.9422713926174496, 0.942638422818792, 0.9442638422818792, 0.9428481543624161, 0.9435822147651006, 0.9498741610738255, 0.9461514261744967, 0.9514471476510067, 0.9482487416107382, 0.951814177852349, 0.9555893456375839, 0.9533347315436241, 0.9540163590604027, 0.9545406879194631, 0.9564807046979866, 0.9577390939597316, 0.9586304530201343, 0.9611996644295302, 0.9584731543624161, 0.9623531879194631, 0.9603083053691275, 0.9634018456375839, 0.9632445469798657], "val_acc": [0.0, 0.7113045302013423, 0.7194840604026845, 0.7141359060402684, 0.7126677852348994, 0.7209521812080537, 0.7192743288590604, 0.7184354026845637, 0.7179635067114094, 0.717544043624161, 0.7197462248322147, 0.7230494966442953, 0.7190645973154363, 0.7254089765100671, 0.7202705536912751, 0.723888422818792, 0.7254089765100671, 0.7235213926174496, 0.7283452181208053, 0.7255662751677853, 0.7271392617449665, 0.7274538590604027, 0.7291317114093959, 0.7268770973154363, 0.7237835570469798, 0.727873322147651, 0.727768456375839, 0.7268246644295302, 0.7208997483221476, 0.7269819630872483, 0.7284500838926175, 0.730390100671141, 0.7244651845637584, 0.7272441275167785, 0.7255662751677853, 0.7301279362416108, 0.7313338926174496, 0.7300755033557047, 0.7358431208053692, 0.7333787751677853, 0.7324874161073825, 0.7318057885906041, 0.7313338926174496, 0.7299182046979866, 0.7316484899328859, 0.7297609060402684, 0.7294987416107382, 0.7321728187919463, 0.7312814597315436, 0.7283452181208053, 0.7340604026845637, 0.730442533557047, 0.7327495805369127, 0.7322776845637584, 0.7351614932885906, 0.7359479865771812, 0.7331166107382551, 0.7335360738255033, 0.7297084731543624, 0.7348468959731543, 0.737049077181208, 0.738359899328859, 0.7405620805369127, 0.7402999161073825, 0.7385696308724832], "loss": [0.0, 2.0638474129990443, 2.037569490855172, 2.008906970088114, 1.9721299641884413, 1.9423009805231286, 1.9188861774918218, 1.881869678529317, 1.865308373566442, 1.8283824712638086, 1.8012287264702305, 1.7856090284833972, 1.7600708647862378, 1.741669503634408, 1.712987341336756, 1.6873357335993107, 1.6631939059135898, 1.6336260369960094, 1.626982580895392, 1.6062826350231298, 1.5682950419867598, 1.5674602553348413, 1.5412693343706578, 1.5188070439652308, 1.5043041194045303, 1.4894612731549564, 1.4647393634655332, 1.4497039622108407, 1.4432904792312007, 1.4229509894479841, 1.4004745643410907, 1.386349923658691, 1.375877401972777, 1.3539390915992275, 1.340443110305991, 1.3325547955980237, 1.317695841693238, 1.2999855335926849, 1.2785967452414084, 1.272700138540076, 1.2635060380769256, 1.249554069250222, 1.2358306806359516, 1.2192380508320444, 1.2078093618354542, 1.2004972152261926, 1.1910767899263626, 1.1681148037814455, 1.1699436134940027, 1.1501521976202127, 1.148070847428085, 1.1297144593808475, 1.1120315502153948, 1.1082110684990083, 1.103947715471255, 1.0954668681893573, 1.0830639820770929, 1.0750380914483295, 1.0615690118514451, 1.0483576303360447, 1.0456535556172364, 1.0340583512447024, 1.0257815094602187, 1.0096798543161993, 1.0054246823259647], "val_loss": [0.0, 2.519993314807047, 2.4851517437288426, 2.4910831195396064, 2.503187810014558, 2.466975197696046, 2.4616080482534115, 2.4678384793684787, 2.4629470966006286, 2.4562800378607426, 2.4522608382589866, 2.4354141606580493, 2.4400903338553923, 2.40640401520185, 2.4322163370631684, 2.419725606905534, 2.4120292375551773, 2.415665573721764, 2.3917015494916263, 2.414195662376865, 2.388654548049773, 2.3794753295463202, 2.373368684877485, 2.381855423018436, 2.3854957890990596, 2.389509309858284, 2.371435400623603, 2.364334015238205, 2.382000145496138, 2.355197373652618, 2.3510980014032965, 2.3441069574164066, 2.3571441557583395, 2.3411775035346114, 2.3476158132489098, 2.3376739713169585, 2.3107156209497646, 2.3186562749363433, 2.2757239005709655, 2.2780685424804688, 2.2736711350063348, 2.287569153228862, 2.2922925013023736, 2.2903991329589948, 2.2767101038222344, 2.3078166478432265, 2.2875158098720063, 2.2796441844645763, 2.2878865923657514, 2.2599396809635546, 2.231358467332469, 2.2411955635019596, 2.238582884705307, 2.226848616696044, 2.2134132937296926, 2.2230752066477835, 2.228383560308674, 2.210534629405745, 2.2277577947450165, 2.2034167579356456, 2.1783426279989664, 2.1769022109524516, 2.1535229986946054, 2.160195369848469, 2.172187286735381]}