{"val_loss": [0.0, 4.608128161043735, 3.7001666442767993, 2.7389386602350183, 2.4027179447380274, 2.184568666123055, 2.070248296131959, 2.0369056527679033, 1.961669217895817, 1.8897695895787832, 1.8663949450931034, 1.5580484722111676, 1.4611806337897841, 1.3568728405076105, 1.2906331581038397, 1.270063205345257, 1.268376741860364, 1.2544816208852303, 1.2348704716643772, 1.2136168471864752, 1.2076720152352307, 1.2133583039850802, 1.2403376263541144, 1.2570120990276337, 1.2322475749093134, 1.2189380599034798, 1.213677186418224, 1.259200949121166, 1.2906741773759998, 1.2811103012110736, 1.2991824536710173, 1.3513712448042792, 1.323251625976047, 1.337691311095212, 1.4073233701087333, 1.3711624886538532, 1.3401793160954036, 1.400920966187039, 1.41143615020288, 1.407891706840412, 1.4250341388019356], "val_acc": [0.0, 0.07522170608108109, 0.1755173141891892, 0.3188872466216216, 0.37589738175675674, 0.4072001689189189, 0.43728885135135137, 0.44346494932432434, 0.4604624155405405, 0.48448057432432434, 0.48553631756756754, 0.5661951013513513, 0.5936444256756757, 0.6204075168918919, 0.6366131756756757, 0.6463788006756757, 0.6544552364864865, 0.6598923141891891, 0.6687605574324325, 0.6775232263513513, 0.6805320945945946, 0.6891891891891891, 0.6824324324324325, 0.6859691722972973, 0.6954180743243243, 0.6990076013513513, 0.7039168074324325, 0.7033361486486487, 0.6993243243243243, 0.7074007601351351, 0.7080869932432432, 0.7056059966216216, 0.7081397804054054, 0.7113070101351351, 0.7047086148648649, 0.710620777027027, 0.7128378378378378, 0.7124155405405406, 0.7130489864864865, 0.7134184966216216, 0.713207347972973], "loss": [0.0, 4.819425383129635, 4.425193615861841, 3.687087236223994, 3.157824948027327, 2.833092029030259, 2.623239381893261, 2.4661814779848665, 2.3294274613663957, 2.2472883849530607, 2.1484625001211426, 1.8859796217969946, 1.5828296348855302, 1.4100993227314305, 1.2566472114743412, 1.1458700653668996, 1.0430907526531734, 0.9665559602750314, 0.8794690056427105, 0.8073608134243939, 0.7390950354369911, 0.6987483646418597, 0.6470897109121889, 0.5924170959640194, 0.5536491915180877, 0.5107004251834508, 0.4821198353090802, 0.4499094872861295, 0.41824880604808395, 0.39324023353086934, 0.35989232562683726, 0.3421892658681483, 0.3215382119288316, 0.30411808212866653, 0.28082694093117844, 0.26658714200193817, 0.2429256922489888, 0.22886748088372721, 0.2230113031896385, 0.20517124698774233, 0.19529499878754486], "acc": [0.0, 0.022381756756756757, 0.07569679054054054, 0.16047297297297297, 0.22540118243243243, 0.28135557432432434, 0.32136824324324326, 0.34580869932432434, 0.37610853040540543, 0.3987014358108108, 0.4175464527027027, 0.4755595439189189, 0.5451858108108109, 0.5859902871621622, 0.6232580236486487, 0.6508129222972973, 0.6773120777027027, 0.6944679054054054, 0.7226034628378378, 0.7403927364864865, 0.7647276182432432, 0.7740181587837838, 0.7934438344594594, 0.805637668918919, 0.8184121621621622, 0.8326646959459459, 0.8415329391891891, 0.8521431587837838, 0.860377956081081, 0.8732580236486487, 0.881862331081081, 0.8918918918918919, 0.8953758445945946, 0.9037162162162162, 0.9076224662162162, 0.9144847972972973, 0.922191722972973, 0.9251478040540541, 0.9276288006756757, 0.9343327702702703, 0.9359691722972973]}