{"val_loss": [0.0, 5.466482420225401, 5.276227055369197, 4.835704661704399, 4.242593797477516, 3.7770806840948157, 3.408882466522423, 3.2096431964152567, 2.9473897927516215, 2.8629644497020825, 2.72322314494365, 2.194281905084043, 1.9987760524492006, 1.8437467297992192, 1.6921568545135293, 1.6932237551018998, 1.64659503343943, 1.7262905449480623, 1.662497294915689, 1.6292016167898435, 1.6271633972992767, 1.613240580301027, 1.6119358088519122, 1.612792838264156, 1.6309009613217533, 1.676840463200131, 1.640649998510206, 1.7148538715130575, 1.7010350098481049, 1.7226454583374229, 1.7203645367880125, 1.7394714017172117, 1.7410027900257625, 1.7670763392706175, 1.7634692320952545, 1.7613770977870837, 1.7652409108909402, 1.7876161240242623, 1.7917718162407745, 1.8156849017014374, 1.8606339354772825], "val_acc": [0.0, 0.07553842905405406, 0.07025971283783784, 0.12357474662162163, 0.18042652027027026, 0.2687922297297297, 0.32205447635135137, 0.34216638513513514, 0.3915751689189189, 0.4050358952702703, 0.43058488175675674, 0.5471389358108109, 0.5882601351351351, 0.6290118243243243, 0.6638513513513513, 0.6719805743243243, 0.6841216216216216, 0.6809543918918919, 0.6958931587837838, 0.7075591216216216, 0.7127850506756757, 0.7247149493243243, 0.7260874155405406, 0.731418918918919, 0.7317356418918919, 0.7288851351351351, 0.7344277871621622, 0.7286739864864865, 0.7337943412162162, 0.7297825168918919, 0.7330553209459459, 0.7388619087837838, 0.7400232263513513, 0.7396537162162162, 0.7406566722972973, 0.7442461993243243, 0.7398120777027027, 0.741184543918919, 0.7424514358108109, 0.7429793074324325, 0.7418179898648649], "loss": [0.0, 5.586730306212966, 5.440522361446071, 5.226802877477698, 4.867920282724741, 4.485067638191017, 4.145552064921405, 3.8638570244247847, 3.6508895448736243, 3.462732489044602, 3.3117921094636658, 2.9051455742604024, 2.412267137218166, 2.118383550966108, 1.8883597158096932, 1.7033662183864697, 1.5347061076679744, 1.3786876217739001, 1.28116535657161, 1.1698767285089235, 1.0821700659958091, 0.963507289016569, 0.9005691707134247, 0.847980596729227, 0.8087609563324902, 0.7798556572682148, 0.750519181425507, 0.7163321561104542, 0.7020629491354968, 0.6822714934477935, 0.6511834352403074, 0.6269999227008304, 0.6038748090331619, 0.6001508944743389, 0.5876322114789808, 0.5838519777800586, 0.5697457162109582, 0.561087471407813, 0.5551215684091723, 0.5447203299483737, 0.5432744771242142], "acc": [0.0, 0.013460726351351352, 0.028452280405405407, 0.0570629222972973, 0.10182643581081081, 0.14136402027027026, 0.18100717905405406, 0.2176414695945946, 0.2430320945945946, 0.2766047297297297, 0.3084353885135135, 0.3798564189189189, 0.47260346283783783, 0.5367398648648649, 0.5907411317567568, 0.630859375, 0.6803209459459459, 0.721653293918919, 0.7504222972972973, 0.7814611486486487, 0.8067989864864865, 0.8407411317567568, 0.8576330236486487, 0.8718855574324325, 0.8848711993243243, 0.8927364864864865, 0.9019214527027027, 0.9143264358108109, 0.9171769425675675, 0.9232474662162162, 0.9321157094594594, 0.9400865709459459, 0.9474767736486487, 0.9466321790540541, 0.9530722128378378, 0.9532833614864865, 0.9556587837837838, 0.9607791385135135, 0.9618348817567568, 0.9646853885135135, 0.9656355574324325]}