{"val_loss": [0.0, 11.019382837656382, 9.985827871271082, 8.75282011805354, 7.568581813090557, 6.669026078404607, 6.045516478048788, 5.583399514894228, 5.216002335419526, 4.88786513740952, 4.6414312156471045, 4.156568005278304, 3.923626062032339, 3.7228257591659957, 3.5987230378228263, 3.498744855055938, 3.3973720782511942, 3.319310729568069, 3.2591308000925423, 3.2112330810443774, 3.150261505230053, 3.1166698932647705, 3.0846866369247437, 3.078940236890638, 3.043518794549478, 3.0187946686873564, 2.9935030421695195, 2.9857779096912695, 2.980311703037571, 2.964562232429917, 2.9606632606403247, 2.9215752047461434, 2.926252945049389, 2.91769396614384, 2.9019887576232084, 2.91111869425387, 2.8943406311241358, 2.8855534050915694, 2.88278392843298, 2.884478169518548, 2.864758162885099], "val_acc": [0.0, 0.06202491554054054, 0.08556798986486487, 0.15134079391891891, 0.22381756756756757, 0.2928103885135135, 0.33477618243243246, 0.35657728040540543, 0.3804370777027027, 0.39849028716216217, 0.42345861486486486, 0.5219066722972973, 0.5610747466216216, 0.6032516891891891, 0.6231524493243243, 0.6475401182432432, 0.6595228040540541, 0.6742504222972973, 0.6841216216216216, 0.6878695101351351, 0.7005384290540541, 0.7035472972972973, 0.7076119087837838, 0.7065561655405406, 0.7150548986486487, 0.7165329391891891, 0.7196473817567568, 0.7213365709459459, 0.7190139358108109, 0.7230785472972973, 0.7223923141891891, 0.7297825168918919, 0.7271959459459459, 0.7290434966216216, 0.7304159628378378, 0.7269320101351351, 0.7289907094594594, 0.730785472972973, 0.7318940033783784, 0.7309438344594594, 0.732421875], "loss": [0.0, 11.546495063884839, 10.595526076651907, 9.59231118898134, 8.551471781086278, 7.648027909768595, 6.9264419143264355, 6.381347804456143, 5.939498379423812, 5.556824091318491, 5.261785320333533, 4.817458893801715, 4.4053256833875505, 4.156729978484076, 3.962498999930717, 3.7843486425038932, 3.6363086281596004, 3.4757383320782638, 3.3475331035820215, 3.2314080515423336, 3.1173093351157934, 3.00127852929605, 2.951506450369551, 2.8918917436857483, 2.846849280434686, 2.779013005462853, 2.7414352990485527, 2.6860441774935335, 2.6410149786923385, 2.6065978423969165, 2.562207905021874, 2.512542308987798, 2.4908990602235535, 2.4635163674483427, 2.4433219497268266, 2.4137380896387874, 2.396114301037144, 2.39405501533199, 2.361789213644492, 2.3414879135183386, 2.3181368434751355], "acc": [0.0, 0.01462204391891892, 0.030194256756756757, 0.0636085304054054, 0.11058910472972973, 0.15535261824324326, 0.19145903716216217, 0.2274070945945946, 0.25580658783783783, 0.28436444256756754, 0.30072846283783783, 0.36708192567567566, 0.4404032939189189, 0.4846389358108108, 0.5194784628378378, 0.553684543918919, 0.5762774493243243, 0.6114336993243243, 0.6373521959459459, 0.6621621621621622, 0.682590793918919, 0.708984375, 0.7181693412162162, 0.7299408783783784, 0.7346389358108109, 0.7519003378378378, 0.7591321790540541, 0.7702174831081081, 0.7808277027027027, 0.78515625, 0.7933910472972973, 0.8020481418918919, 0.8097550675675675, 0.8158255912162162, 0.8184121621621622, 0.8243243243243243, 0.82421875, 0.8245882601351351, 0.8314505912162162, 0.8353040540540541, 0.8424831081081081]}