{"val_loss": [0.0, 11.017336291235846, 9.99564368016011, 8.834618607082882, 7.709819226651578, 6.784607236449783, 6.135616650452485, 5.556466186368787, 5.250210749136435, 4.891924477912284, 4.594816497854285, 4.406411132297, 4.230103750486632, 4.092998014914023, 3.99623543507344, 3.835608595126384, 3.749077184780224, 3.682102396681502, 3.591469355531641, 3.5181950878452612, 3.4561145208977364, 3.421551955712808, 3.3513948627420374, 3.3139938567135787, 3.2814239811252905, 3.254193347853583, 3.220798292675534, 3.1332283696612797, 3.1230594693003475, 3.0785955867251835, 3.042236869399612, 2.6865727257084204, 2.471350054483156, 2.450139003830987, 2.404889818784353, 2.3355210020735457, 2.3774484073793567, 2.358359050106358, 2.3227151761183866, 2.267215818972201, 2.2234365392375635, 2.2530141972206734, 2.2272336692423433, 2.230895464484756, 2.1998956493429236, 2.197251870825484, 2.1491876099560714, 2.1688317350439124, 2.193365208200506, 2.1800209831547095, 2.1094579793311454, 2.141569057026425, 2.105214821325766, 2.1123760262051143, 2.0989656996082617, 2.0940353967048027, 2.0951040661012805, 2.0746659394857048, 2.0774413315025537, 2.061191394522383, 2.0523371132644446], "val_acc": [0.0, 0.04576646959459459, 0.07706925675675676, 0.13946368243243243, 0.22476773648648649, 0.28705658783783783, 0.31191934121621623, 0.3670291385135135, 0.37753378378378377, 0.40841427364864863, 0.43533572635135137, 0.4436233108108108, 0.4626266891891892, 0.46690244932432434, 0.4677470439189189, 0.48690878378378377, 0.49276815878378377, 0.4919235641891892, 0.5035367398648649, 0.5070206925675675, 0.5072846283783784, 0.5082347972972973, 0.5130384290540541, 0.5106102195945946, 0.5127744932432432, 0.5105046452702703, 0.5159945101351351, 0.530247043918919, 0.5299831081081081, 0.5291913006756757, 0.5298247466216216, 0.6099556587837838, 0.6666490709459459, 0.6701330236486487, 0.6777871621621622, 0.6899809966216216, 0.6905616554054054, 0.6926203547297297, 0.7039695945945946, 0.7123627533783784, 0.7156355574324325, 0.7175358952702703, 0.7232896959459459, 0.7235536317567568, 0.7246621621621622, 0.723606418918919, 0.7293602195945946, 0.7317884290540541, 0.7291490709459459, 0.7233424831081081, 0.7316828547297297, 0.7330025337837838, 0.7377005912162162, 0.736644847972973, 0.7355363175675675, 0.7358530405405406, 0.7373838682432432, 0.7394953547297297, 0.7393897804054054, 0.7406038851351351, 0.7408678209459459], "loss": [0.0, 11.54431001560108, 10.585018892545957, 9.601630404188827, 8.609241730458027, 7.725620166675465, 6.989617167292415, 6.408943562894254, 5.9355953706277385, 5.546259287241343, 5.255437586758588, 4.993847950084789, 4.79590612488824, 4.606244177431674, 4.453886721585248, 4.304884401527611, 4.204638887096095, 4.089289191606882, 3.9936003395029016, 3.9217083196382263, 3.818154393015681, 3.7477618230355754, 3.670025171460332, 3.603321565164102, 3.553986149865228, 3.5089976626473502, 3.4465707959355534, 3.406769572077571, 3.368948855915585, 3.315282348039988, 3.2884586533984623, 3.010488642228616, 2.5644607930570036, 2.3144103030900696, 2.1206555994781287, 1.9720022034000706, 1.8680290563686475, 1.7616877813596983, 1.6666611320263631, 1.584692494289295, 1.5133551020880003, 1.4384848298253239, 1.364381772440833, 1.3224171287304647, 1.2973957657814026, 1.2614830216845951, 1.2343053092827667, 1.2053172797770113, 1.1833451422485146, 1.1582341451902647, 1.1342548019177205, 1.1099736754958693, 1.0796727618655644, 1.0683189735219285, 1.0533777749216235, 1.0399982784245465, 1.0260864423738945, 1.0202825544653713, 1.0070080346352346, 0.99321249127388, 0.9858999228155291], "acc": [0.0, 0.013830236486486486, 0.030616554054054054, 0.060494087837837836, 0.09844805743243243, 0.14727618243243243, 0.18549408783783783, 0.21669130067567569, 0.25649282094594594, 0.2841532939189189, 0.3046875, 0.3306059966216216, 0.3432221283783784, 0.35853040540540543, 0.37167440878378377, 0.38439611486486486, 0.38846072635135137, 0.4041385135135135, 0.40841427364864863, 0.40762246621621623, 0.42567567567567566, 0.4282094594594595, 0.4389252533783784, 0.4471072635135135, 0.45344172297297297, 0.45396959459459457, 0.45713682432432434, 0.46083192567567566, 0.4714421452702703, 0.4741870777027027, 0.4719700168918919, 0.5354201858108109, 0.6280088682432432, 0.6896114864864865, 0.7284628378378378, 0.7637246621621622, 0.7858952702702703, 0.8114442567567568, 0.8347233952702703, 0.855152027027027, 0.868823902027027, 0.883815456081081, 0.9059860641891891, 0.9122149493243243, 0.916332347972973, 0.9225612331081081, 0.9250950168918919, 0.9337521114864865, 0.9342271959459459, 0.9388196790540541, 0.9409311655405406, 0.9456820101351351, 0.9537584459459459, 0.9529138513513513, 0.9559755067567568, 0.9565561655405406, 0.9598817567567568, 0.9591955236486487, 0.9618348817567568, 0.9632601351351351, 0.9634712837837838]}