{"acc": [0.20018564356435645, 0.37017209975714555, 0.5505207360358677, 0.6653687184756212, 0.7362693816551467, 0.7656337567719036, 0.8012679805716421, 0.8192602279095834, 0.8411171305809826, 0.8517712030637026, 0.8673640949000561, 0.8752160003736222, 0.8858817485522137, 0.8907213244909397, 0.8980653371940968, 0.9016906407621894, 0.9071198393424248, 0.9114573603586774, 0.9126366056416962, 0.915327853540071, 0.9176629927143658, 0.9192625630487578, 0.9203542406127405, 0.9215451615916309, 0.9224325144778629, 0.9231564076218942, 0.9240612740519335, 0.9248610592191294, 0.9247559779562862, 0.925094573136559, 0.926069493741827, 0.926624089295722, 0.9259001961516906, 0.9268867924528302, 0.9262504670278349, 0.9263905753782925, 0.9266357649915935, 0.925981926022791, 0.9258885204558192, 0.9266883056230152], "val_acc": [0.4346686241610738, 0.49538590604026844, 0.7054320469798657, 0.7459626677852349, 0.7733326342281879, 0.7920511744966443, 0.7973468959731543, 0.8115562080536913, 0.821675755033557, 0.8203125, 0.8234060402684564, 0.8224622483221476, 0.8235633389261745, 0.8197357382550335, 0.8247692953020134, 0.8255557885906041, 0.8237206375838926, 0.8218330536912751, 0.8234584731543624, 0.8261849832214765, 0.824192533557047, 0.8273909395973155, 0.8249790268456376, 0.8260801174496645, 0.8259752516778524, 0.8256606543624161, 0.8249265939597316, 0.8279677013422819, 0.8251363255033557, 0.8261849832214765, 0.8263422818791947, 0.8262898489932886, 0.8237206375838926, 0.8247692953020134, 0.8266568791946308, 0.8263947147651006, 0.8289639261744967, 0.8236157718120806, 0.8266568791946308, 0.8284395973154363], "loss": [5.3191761028514986, 3.250421387535065, 2.3321248225668714, 1.7910420222080201, 1.459059209516733, 1.3116748302133867, 1.1333960574541317, 1.043612709986079, 0.9340603564546284, 0.879622281260208, 0.8018795699688424, 0.7605332551705332, 0.7105537098511433, 0.687733720663038, 0.6519509737689362, 0.6323496405819565, 0.6093536540545772, 0.5924178806060322, 0.5795409426262907, 0.5705920077196442, 0.5573112020843523, 0.552589396600431, 0.5472710019858913, 0.5402458935012867, 0.534366790995116, 0.5354222220983011, 0.52931779570698, 0.5248565328092235, 0.5274134128534212, 0.5239760068539435, 0.5221367581980085, 0.5204024140898945, 0.5230070673125538, 0.5197055485233868, 0.5188905870983495, 0.5210140912962165, 0.5201177464708666, 0.5187262824522364, 0.5204456981745431, 0.5181701978121921], "val_loss": [3.0217756716997033, 2.573724731502917, 1.6516651861219598, 1.4777181084524065, 1.2856010784638807, 1.1988746186830854, 1.1489672972851952, 1.081707163645117, 1.0285560035665564, 1.0395284854625695, 1.0208415650581353, 1.027098821863632, 1.0122040730694797, 1.0181563169564176, 1.0119368219935654, 1.013003832641864, 1.0207251782385296, 1.017362301981689, 1.0104831626151232, 1.0103018272343098, 1.0229355040812653, 1.0180978317988798, 1.021944442651416, 1.0179162723506057, 1.031187658841978, 1.032936986360774, 1.021980137833013, 1.0215929762629055, 1.0308897281753138, 1.0264582138933591, 1.020696770774838, 1.019081308837705, 1.039733234667938, 1.0279729902344261, 1.0210421483388683, 1.0225363807290193, 1.0143063390414986, 1.038811782862516, 1.008626013494178, 1.0059135521718319]}