{"val_loss": [0.0, 4.770059727333687, 4.620927926656362, 4.232325766537641, 3.6690259076453544, 3.1930800160846196, 2.8609705583469287, 2.664141780621297, 2.445146293253512, 2.3631241514876082, 2.2341484411342725, 1.760902944448832, 1.5256064421421773, 1.428765976751173, 1.4008102014258101, 1.2894624068930343, 1.2836058542535111, 1.3272122080261644, 1.3335857479958921, 1.3169135185512337, 1.3278015457295083, 1.3037997105637111, 1.3227226403919425, 1.3164022967622087, 1.3619126379489899, 1.4099952087209031, 1.5080424772726524, 1.44145284955566, 1.4923435207959768, 1.4705810707968634, 1.4838963054321908, 1.547546017814327, 1.5182451364156362, 1.5356221360129279, 1.5617945355338019, 1.5714705908620679, 1.5449330629529179, 1.5965504324114002, 1.6008753583237931, 1.6277622741621893, 1.6161780743985563], "val_acc": [0.0, 0.04360219594594594, 0.06228885135135135, 0.11528716216216216, 0.19330658783783783, 0.25944890202702703, 0.30769636824324326, 0.3237964527027027, 0.3673458614864865, 0.37716427364864863, 0.40070734797297297, 0.5127744932432432, 0.5707875844594594, 0.6027766047297297, 0.6215688344594594, 0.6463260135135135, 0.6595228040540541, 0.6571473817567568, 0.6688661317567568, 0.681323902027027, 0.686497043918919, 0.6951541385135135, 0.6966321790540541, 0.7000105574324325, 0.7033889358108109, 0.6990603885135135, 0.6951541385135135, 0.7088260135135135, 0.6977407094594594, 0.7020692567567568, 0.7018581081081081, 0.6977407094594594, 0.7057643581081081, 0.7077174831081081, 0.7062394425675675, 0.704127956081081, 0.709987331081081, 0.7076646959459459, 0.7087732263513513, 0.7084037162162162, 0.7110430743243243], "loss": [0.0, 4.887750915578894, 4.75937751177195, 4.596796976553427, 4.281564783405614, 3.917171562040174, 3.5661836153752096, 3.296433323138469, 3.0905712230785474, 2.9272697132986947, 2.762958578161291, 2.3706420305612923, 1.8625732450871855, 1.569120141299995, 1.3302713358724438, 1.1481102769439284, 1.005496014614363, 0.868082349364822, 0.7480764646787901, 0.6566829117568763, 0.5765956656352894, 0.4872506776371518, 0.42708618294548345, 0.39325448266557744, 0.3527225400950458, 0.3267689512388126, 0.30486601188376145, 0.2885589972138405, 0.2676567453387621, 0.2536235743680516, 0.23237896730770935, 0.22655622399336584, 0.20122893194894534, 0.19198002464867928, 0.1851084194070584, 0.1783329511212336, 0.170876066024239, 0.16874473813820529, 0.1617599965350048, 0.15090316826024572, 0.15200734853341774], "acc": [0.0, 0.013988597972972973, 0.02961359797297297, 0.05178420608108108, 0.08741554054054054, 0.12088260135135136, 0.16305954391891891, 0.1955764358108108, 0.22698479729729729, 0.2533783783783784, 0.2830447635135135, 0.3547297297297297, 0.45877322635135137, 0.5257601351351351, 0.5887352195945946, 0.6362964527027027, 0.678684543918919, 0.7199641047297297, 0.7538006756756757, 0.784839527027027, 0.8059543918918919, 0.838207347972973, 0.8587943412162162, 0.8668179898648649, 0.8829708614864865, 0.8910472972972973, 0.8975929054054054, 0.9022909628378378, 0.9101034628378378, 0.918971706081081, 0.9243559966216216, 0.9231946790540541, 0.9338048986486487, 0.9351773648648649, 0.9400337837837838, 0.9412478885135135, 0.9430954391891891, 0.944995777027027, 0.9484797297297297, 0.9505912162162162, 0.9518053209459459]}