{"val_loss": [0.0, 4.73978401350495, 4.1489905062937895, 3.484128559995818, 3.005255837568501, 2.6937533040974766, 2.461796728556588, 2.2555627202827657, 2.1578938108962653, 2.0232040094049184, 1.937265613735122, 1.8346760428991893, 1.6825984460395456, 1.6414493482384906, 1.5967247746134765, 1.5027295755059926, 1.4505094657808342, 1.420791435161693, 1.3743007617108773, 1.34110111618202, 1.3332543841144382, 1.3058076762913058, 1.316150870899226, 1.2686152972230975, 1.277905336162388, 1.2687943459757223, 1.2659608371705817, 1.2788093838115666, 1.2365580657184525, 1.3025969500909715, 1.2709130688801709, 1.2705168648054135, 1.2955266047244105, 1.3154774006181116, 1.3135272132470304, 1.2763442297109822, 1.316012032480048, 1.3271622853791154, 1.3653218466163481, 1.3345802198320427, 1.3538415437976785], "val_acc": [0.0, 0.047504194630872486, 0.09406459731543625, 0.21717701342281878, 0.2741715604026846, 0.33887374161073824, 0.38092491610738255, 0.4190436241610738, 0.4474098154362416, 0.4670721476510067, 0.48039010067114096, 0.5075503355704698, 0.5443057885906041, 0.5566275167785235, 0.5658557046979866, 0.5869861577181208, 0.6028208892617449, 0.6143036912751678, 0.6165058724832215, 0.6318162751677853, 0.6265205536912751, 0.6368498322147651, 0.6376363255033557, 0.6488569630872483, 0.6477034395973155, 0.6541002516778524, 0.6558829697986577, 0.6577705536912751, 0.6658976510067114, 0.6569316275167785, 0.6610213926174496, 0.6681522651006712, 0.6672609060402684, 0.6715604026845637, 0.670511744966443, 0.6766988255033557, 0.6666317114093959, 0.6724517617449665, 0.6684668624161074, 0.6707739093959731, 0.6750209731543624], "loss": [0.0, 4.871155172386425, 4.598920937352532, 4.089738036962164, 3.621896774176783, 3.3011345215291783, 3.0597831106825963, 2.839869011168512, 2.686186856071421, 2.5571146675404286, 2.430169359149549, 2.340979488504013, 2.1251944243507896, 1.9971342094792615, 1.8655791458667526, 1.7717601172876039, 1.6605136314494497, 1.566320478116106, 1.4889967993601856, 1.391910743393354, 1.3230032422798592, 1.2699991368607386, 1.1713060448633745, 1.1079691934505564, 1.0384040346881687, 0.9883293991520901, 0.9171090624076408, 0.8779368637592201, 0.8180972510736261, 0.7748247802057522, 0.7376373372221953, 0.6870315402946217, 0.629608085091482, 0.6027282232406156, 0.565636110585808, 0.5446648629719779, 0.5178707846059095, 0.49704679286719966, 0.47722457149284797, 0.44783921614789324, 0.43698783258863744], "acc": [0.0, 0.015572567114093959, 0.046298238255033555, 0.09165268456375839, 0.13873741610738255, 0.1825713087248322, 0.2211094798657718, 0.2601195469798658, 0.2913171140939597, 0.3140205536912752, 0.3429635067114094, 0.3636744966442953, 0.41065436241610737, 0.4402265100671141, 0.46869756711409394, 0.4936556208053691, 0.5197671979865772, 0.5401635906040269, 0.5590918624161074, 0.5852034395973155, 0.6010381711409396, 0.6157193791946308, 0.6395763422818792, 0.6575083892617449, 0.6815750838926175, 0.688705956375839, 0.7095218120805369, 0.7237311241610739, 0.7374161073825504, 0.7510486577181208, 0.7609584731543624, 0.7751677852348994, 0.795669043624161, 0.8041631711409396, 0.8129718959731543, 0.8208368288590604, 0.829435822147651, 0.8351510067114094, 0.842439177852349, 0.8488359899328859, 0.8545511744966443]}