{"val_loss": [0.0, 4.767582751609184, 4.564392740662034, 4.058419027843991, 3.546500457299722, 3.0883803786458195, 2.7908240685591825, 2.5623586693325557, 2.3967916192235172, 2.2604289795901322, 2.176597959286458, 1.7329854481929057, 1.5195049305219908, 1.3977597500826862, 1.2928986194971446, 1.2401681026896916, 1.2029035929087046, 1.1861140333317421, 1.2033144590016958, 1.2053839652924925, 1.250217392637923, 1.1742399850407161, 1.1791190891652494, 1.1648047582523242, 1.1904987644504856, 1.1945685559027903, 1.2214506042970192, 1.2366702774086513, 1.2828049530854095, 1.269297181754499, 1.268402262313946, 1.2766149309841361, 1.3291923927294242, 1.3504039677413735, 1.3341018009830166, 1.325298006470139, 1.3606775854084943, 1.3995602195327346, 1.3648332083547436, 1.4111047515998016, 1.3938385956996195], "val_acc": [0.0, 0.06202491554054054, 0.08372043918918919, 0.13735219594594594, 0.2237647804054054, 0.29513302364864863, 0.3383129222972973, 0.35763302364864863, 0.3916279560810811, 0.41173986486486486, 0.4302153716216216, 0.540065456081081, 0.5982369087837838, 0.6233108108108109, 0.6575696790540541, 0.6686549831081081, 0.6823796452702703, 0.691089527027027, 0.694309543918919, 0.7030722128378378, 0.702122043918919, 0.723659206081081, 0.7245565878378378, 0.7310494087837838, 0.7309966216216216, 0.7324746621621622, 0.7287795608108109, 0.7318412162162162, 0.7278821790540541, 0.731418918918919, 0.7326858108108109, 0.7397065033783784, 0.73828125, 0.7368559966216216, 0.7400232263513513, 0.7416596283783784, 0.7420819256756757, 0.7396009290540541, 0.7442989864864865, 0.7387035472972973, 0.7423458614864865], "loss": [0.0, 4.875817176457998, 4.748489167239215, 4.5288643514787825, 4.189037435763591, 3.847771960335809, 3.52510636883813, 3.2699329885276587, 3.071878036937198, 2.910678357691378, 2.7718211799054533, 2.38518703950418, 1.9414800566595953, 1.6853673909161542, 1.4600435575923405, 1.2744534805014327, 1.1160076107527759, 0.9795081261042002, 0.8596271534223814, 0.7641959407845059, 0.6678007390048053, 0.5750926128915839, 0.5070381237042917, 0.45514867635997563, 0.40592016481064463, 0.3812012716725066, 0.3471771754525803, 0.32189719197717875, 0.3028079261248176, 0.28590837926477997, 0.2616823088075664, 0.22960770210704287, 0.21389509898585243, 0.1990192067381498, 0.19097225136450818, 0.18003003601286863, 0.16628870327730436, 0.15939768433973595, 0.1559048943422936, 0.1467635733251636, 0.13554552549848686], "acc": [0.0, 0.013777449324324325, 0.031513935810810814, 0.06075802364864865, 0.09755067567567567, 0.13972761824324326, 0.17873733108108109, 0.21695523648648649, 0.2477829391891892, 0.27454603040540543, 0.29872255067567566, 0.37436655405405406, 0.466796875, 0.5252322635135135, 0.5819256756756757, 0.6262668918918919, 0.6717166385135135, 0.7096178209459459, 0.741870777027027, 0.7667335304054054, 0.7960831925675675, 0.820629222972973, 0.8385768581081081, 0.8565244932432432, 0.8712521114864865, 0.879222972972973, 0.8914168074324325, 0.8968538851351351, 0.9036106418918919, 0.9090477195945946, 0.9182326858108109, 0.9266786317567568, 0.931957347972973, 0.9375, 0.9413534628378378, 0.9434121621621622, 0.9461570945945946, 0.9514358108108109, 0.9490603885135135, 0.9533889358108109, 0.9587732263513513]}