{"val_loss": [0.0, 4.764336824417114, 4.577954801353249, 4.149010336076891, 3.652802586555481, 3.21817172862388, 2.917841982197117, 2.687094765740472, 2.5627255310883394, 2.4071329445452303, 2.2945170595839217, 1.7679823556461849, 1.5771514000119389, 1.4433583343351208, 1.3908637713741612, 1.31527745884818, 1.245270796724268, 1.2418980163496893, 1.22147127663767, 1.178884291971052, 1.2343210932370778, 1.1857096174278774, 1.20471207273973, 1.2240762960266423, 1.1971221517872166, 1.228522795277673, 1.208020555006491, 1.2902478720690753, 1.2997439431177604, 1.2658676392323263, 1.3044624618581824, 1.3324583092251339, 1.3068913567710567, 1.3544876833219786, 1.3276263314324457, 1.3708146697766073, 1.3806778337504413, 1.3877783425756403, 1.4106381648295634, 1.3909725055501267, 1.4085991205395878], "val_acc": [0.0, 0.06957347972972973, 0.0835620777027027, 0.11734586148648649, 0.18892525337837837, 0.24989442567567569, 0.29967271959459457, 0.33403716216216217, 0.3559966216216216, 0.38370988175675674, 0.4077280405405405, 0.5266575168918919, 0.573268581081081, 0.6113809121621622, 0.6368243243243243, 0.6480152027027027, 0.6769425675675675, 0.6792652027027027, 0.6889780405405406, 0.7013830236486487, 0.6999049831081081, 0.7130489864864865, 0.7165329391891891, 0.7140519425675675, 0.7244510135135135, 0.7226034628378378, 0.7268264358108109, 0.7201752533783784, 0.722339527027027, 0.7253483952702703, 0.7276182432432432, 0.7283044763513513, 0.7316828547297297, 0.7284100506756757, 0.7344277871621622, 0.7304159628378378, 0.7315244932432432, 0.7316828547297297, 0.7274598817567568, 0.7319467905405406, 0.7329497466216216], "loss": [0.0, 4.8780587363887475, 4.752070272291029, 4.5508711531355575, 4.237545783455308, 3.8840657375954293, 3.5748029528437435, 3.3369047384004333, 3.1371852964968294, 2.9794621145403064, 2.840161349322345, 2.450763985917375, 2.0146359269683427, 1.733071025964376, 1.5251485528172672, 1.340770428245132, 1.183140119990787, 1.0470317626321637, 0.9255073296057211, 0.8050050324684864, 0.7199363668222685, 0.6135465530930339, 0.5370840949786676, 0.4927556482521263, 0.45025887239623713, 0.4149407849118516, 0.38100418931729085, 0.36044320141946945, 0.3267637430816083, 0.3018833809607738, 0.27962545607541056, 0.2515130663240278, 0.23500218705551043, 0.21162523329257965, 0.2063287792576326, 0.189124385750777, 0.18235284674006538, 0.17618667948487643, 0.16201878550487595, 0.16201686587285352, 0.15440816341622457], "acc": [0.0, 0.013355152027027027, 0.03051097972972973, 0.060705236486486486, 0.09670608108108109, 0.13640202702702703, 0.16738809121621623, 0.2087204391891892, 0.23453336148648649, 0.25786528716216217, 0.28937922297297297, 0.3575802364864865, 0.4496410472972973, 0.5127744932432432, 0.5703652871621622, 0.611011402027027, 0.651393581081081, 0.6905616554054054, 0.7242398648648649, 0.7617715371621622, 0.7800886824324325, 0.8138196790540541, 0.8354096283783784, 0.8435916385135135, 0.8580553209459459, 0.872096706081081, 0.8834459459459459, 0.8879328547297297, 0.8985430743243243, 0.9063555743243243, 0.9143264358108109, 0.9201858108108109, 0.9255701013513513, 0.9340688344594594, 0.934543918918919, 0.940456081081081, 0.9419341216216216, 0.9435705236486487, 0.9476879222972973, 0.9491659628378378, 0.9510663006756757]}