{"val_loss": [0.0, 11.041400033074456, 10.010498459274704, 8.81490115861635, 7.6984805931916105, 6.818107089480838, 6.128757502581622, 5.654324647542593, 5.277368732400842, 4.984223617089762, 4.69973881180222, 4.259891355359876, 3.9835528328612044, 3.8329304875554264, 3.69948969016204, 3.607089551719459, 3.5326433375075057, 3.435863243566977, 3.388895376308544, 3.3300773549724267, 3.2996848596108928, 3.204764588459118, 3.201928277273436, 3.1653024699236894, 3.153762063464603, 3.124410684044297, 3.1053595091845536, 3.0866667128898, 3.071059787595594, 3.0737210608817436, 3.0490709897634147, 3.0268314303578556, 3.0056556688772664, 2.9958167913797737, 2.9943406646316117, 2.9796181562784554, 3.0025699138641357, 2.9693843480702995, 2.9649846489365035, 2.9671260633984127, 2.9570011351559615, 2.9437080653938086, 2.9464449560320056, 2.9328960728000952, 2.927880300057901, 2.923538256335903, 2.928962581866496, 2.926064053097287, 2.9230104040455176, 2.922135697828757, 2.923408021798005], "val_acc": [0.0, 0.0789695945945946, 0.09243032094594594, 0.14453125, 0.2365920608108108, 0.2912795608108108, 0.33752111486486486, 0.36951013513513514, 0.38877744932432434, 0.40952280405405406, 0.4317989864864865, 0.5247571790540541, 0.5703652871621622, 0.6065244932432432, 0.6296452702702703, 0.6419446790540541, 0.6531883445945946, 0.6675464527027027, 0.6722972972972973, 0.6859691722972973, 0.689453125, 0.7076119087837838, 0.705394847972973, 0.7102512668918919, 0.709987331081081, 0.7147381756756757, 0.7161634290540541, 0.7170608108108109, 0.7210726351351351, 0.7176414695945946, 0.7211782094594594, 0.7258762668918919, 0.7281461148648649, 0.7297297297297297, 0.728832347972973, 0.7302576013513513, 0.7267208614864865, 0.7304159628378378, 0.7305215371621622, 0.7296241554054054, 0.7300992398648649, 0.7321579391891891, 0.7313661317567568, 0.7345333614864865, 0.7335304054054054, 0.7337415540540541, 0.7336887668918919, 0.7327913851351351, 0.7332136824324325, 0.7355891047297297, 0.7343222128378378], "loss": [0.0, 11.55554621928447, 10.620504765897184, 9.644837675867853, 8.66620566393878, 7.775013543464042, 7.063278449548258, 6.490061592411351, 6.040837049484253, 5.6793405107549715, 5.364728257462785, 4.9011050688253865, 4.51699634500452, 4.278785447816591, 4.082282146892032, 3.8766237239579895, 3.7238916706394507, 3.591644805830878, 3.4591503658810177, 3.3444914978903695, 3.23317302562095, 3.1374491904232955, 3.044340375307444, 3.0020128263009562, 2.941065517631737, 2.894668582323435, 2.8283319151079334, 2.7833796771796973, 2.735239144918081, 2.705452435725444, 2.6619987004512065, 2.611901357367232, 2.583278817099494, 2.5490420444591626, 2.5311945998990857, 2.517331883714006, 2.4940884371061585, 2.471608832075789, 2.447158807032817, 2.427151013065029, 2.4072072924794377, 2.402714877515226, 2.386628833976952, 2.3664334271405196, 2.35989151774226, 2.3562587112993807, 2.346978126345454, 2.331821638184625, 2.3264801341134147, 2.3099951679642134, 2.304138692649635], "acc": [0.0, 0.014833192567567568, 0.03431165540540541, 0.06513935810810811, 0.11307010135135136, 0.16052576013513514, 0.19900760135135134, 0.23690878378378377, 0.25786528716216217, 0.28964315878378377, 0.31286951013513514, 0.37521114864864863, 0.4437816722972973, 0.4856418918918919, 0.5197951858108109, 0.5574852195945946, 0.588840793918919, 0.6111169763513513, 0.6393053209459459, 0.6580447635135135, 0.6727195945945946, 0.6965793918918919, 0.7155299831081081, 0.7203336148648649, 0.7372255067567568, 0.7442989864864865, 0.7608741554054054, 0.7661000844594594, 0.7770798141891891, 0.7805109797297297, 0.790012668918919, 0.7987753378378378, 0.8040012668918919, 0.8109163851351351, 0.8146642736486487, 0.8167757601351351, 0.8222128378378378, 0.821948902027027, 0.8292863175675675, 0.8348289695945946, 0.8396853885135135, 0.8394742398648649, 0.842799831081081, 0.8468644425675675, 0.8452808277027027, 0.8481841216216216, 0.8495038006756757, 0.851879222972973, 0.8523543074324325, 0.8577913851351351, 0.8552048141891891]}