{"val_loss": [0.0, 4.783452027552837, 4.63057389774838, 4.241792040902215, 3.6694812001408756, 3.1972468640353227, 2.8691772899112187, 2.6299683822167887, 2.422397703737826, 2.3349311029588855, 2.214093775362582, 1.7342295839979842, 1.5201919884295076, 1.385113915881595, 1.3198632485157735, 1.2340247333049774, 1.1716373385609806, 1.2097600037987168, 1.2013986891991384, 1.2035701951465092, 1.2443436714443001, 1.1489385148963414, 1.1382730152155902, 1.1660188742586084, 1.1429575874998763, 1.2136813329683769, 1.1890858379570213, 1.2137245133116439, 1.2911015587884027, 1.3072870526764844, 1.3241009921640963, 1.310061154333321, 1.3283505898875159, 1.317107902990805, 1.3740741916604944, 1.3577806111928579, 1.3891664968954551, 1.415418672400552, 1.3727571714568783, 1.3733190394736625, 1.4004039458326392], "val_acc": [0.0, 0.06667018581081081, 0.07427153716216216, 0.11782094594594594, 0.19283150337837837, 0.2768686655405405, 0.3070629222972973, 0.34939822635135137, 0.38064822635135137, 0.3949535472972973, 0.41490709459459457, 0.5286634290540541, 0.5818201013513513, 0.620090793918919, 0.6407305743243243, 0.6712415540540541, 0.6889252533783784, 0.6859163851351351, 0.694362331081081, 0.7023331925675675, 0.7016997466216216, 0.7249788851351351, 0.7298880912162162, 0.726879222972973, 0.7338999155405406, 0.730152027027027, 0.7330553209459459, 0.7354307432432432, 0.728515625, 0.7302576013513513, 0.7276182432432432, 0.7413429054054054, 0.7371727195945946, 0.7415012668918919, 0.7341638513513513, 0.741184543918919, 0.7355363175675675, 0.7404983108108109, 0.7397592905405406, 0.7433488175675675, 0.7396537162162162], "loss": [0.0, 4.893045670277363, 4.773073608810837, 4.611891585427362, 4.29037230723613, 3.9295537761739783, 3.5932109871426143, 3.3303982792673885, 3.1137864460816256, 2.9353694045865857, 2.8060456288827433, 2.416051204140122, 1.9766592947212425, 1.7235726198634587, 1.5073830163156665, 1.3157121233038, 1.152142574658265, 1.0086289821444332, 0.8948489894738069, 0.7918322255482545, 0.6741783949168952, 0.5717376418210365, 0.5039151560615849, 0.46400747951623555, 0.41912703296622716, 0.38333244118336085, 0.3515064923747166, 0.3292762212253906, 0.2947921197156648, 0.2812979773089692, 0.24563147449815595, 0.23347084707504995, 0.21171358529780362, 0.19598819838987813, 0.18353672426294637, 0.1780352967010962, 0.16874415890590563, 0.1514313967042678, 0.15127379829819138, 0.1448188607354422, 0.14456010952189163], "acc": [0.0, 0.012563344594594595, 0.02560177364864865, 0.050622888513513514, 0.0909522804054054, 0.13344594594594594, 0.17514780405405406, 0.20370565878378377, 0.23849239864864866, 0.2709565033783784, 0.28927364864864863, 0.3718327702702703, 0.45613386824324326, 0.5188450168918919, 0.572265625, 0.6201963682432432, 0.6641680743243243, 0.7020164695945946, 0.7343222128378378, 0.7616659628378378, 0.7942356418918919, 0.8260135135135135, 0.8432749155405406, 0.8556798986486487, 0.8705130912162162, 0.8793813344594594, 0.8881440033783784, 0.8960092905405406, 0.9084670608108109, 0.9106313344594594, 0.9238809121621622, 0.9269425675675675, 0.9340160472972973, 0.9369721283783784, 0.9445206925675675, 0.9439400337837838, 0.9457875844594594, 0.9532833614864865, 0.9522276182432432, 0.9556587837837838, 0.9555004222972973]}