{"val_loss": [0.0, 4.779415581677411, 4.66624227085629, 4.257908473143706, 3.7373535600868433, 3.229136937373393, 2.8877185583114624, 2.683201367790635, 2.5045733935124166, 2.367276262592625, 2.2109528908858427, 1.8332585354109068, 1.6315726122340641, 1.4726483966853168, 1.465900630564303, 1.388365682717916, 1.3233393092413206, 1.294565251550159, 1.2837216652728416, 1.3456720597035177, 1.3736556784526721, 1.28194444405066, 1.3571054709924233, 1.3108961719113428, 1.3243026298445624, 1.3294341846092328, 1.4240290232606836, 1.3529996710854608, 1.363427296683595, 1.4126985798010956, 1.407967652823474, 1.3894169668893557, 1.4406993244145367, 1.4500989607862524, 1.4925217547932186, 1.5196538696417938, 1.4912070422559172, 1.4904627429472435, 1.5300913147024207, 1.5188733903137412, 1.576645818916527], "val_acc": [0.0, 0.043549408783783786, 0.0698902027027027, 0.10752744932432433, 0.15160472972972974, 0.23923141891891891, 0.2729096283783784, 0.3137668918918919, 0.34464738175675674, 0.365234375, 0.4069890202702703, 0.47819890202702703, 0.5395903716216216, 0.5876794763513513, 0.5979201858108109, 0.6186655405405406, 0.638988597972973, 0.6532411317567568, 0.6636402027027027, 0.6672297297297297, 0.674831081081081, 0.6883973817567568, 0.6830130912162162, 0.6972128378378378, 0.6987436655405406, 0.7003800675675675, 0.6964210304054054, 0.7046558277027027, 0.70703125, 0.7074007601351351, 0.707981418918919, 0.7115181587837838, 0.7096706081081081, 0.7106735641891891, 0.7090371621621622, 0.7088788006756757, 0.7148965371621622, 0.7161106418918919, 0.7094594594594594, 0.7129434121621622, 0.7083509290540541], "loss": [0.0, 4.891836018175693, 4.766875112378919, 4.630543057982986, 4.307584582148372, 3.937064811990068, 3.594421676687292, 3.3187102466016203, 3.128355506304148, 2.9420297500249504, 2.807532101064115, 2.4694202268445813, 1.9859011559873014, 1.7091871951077435, 1.4893646385218646, 1.3075588458293192, 1.1633012931089144, 1.0272422988672514, 0.9189747370578147, 0.7997121400124317, 0.7406165124596776, 0.6287456352163006, 0.5553948915488011, 0.5101625951560768, 0.47332712564919444, 0.43745049189876867, 0.418036811657854, 0.38843519019114003, 0.3638347411477888, 0.33789590484387166, 0.33122254948358276, 0.2997193549935882, 0.2708998221803356, 0.26655015208431193, 0.2550902243804287, 0.2485269708810626, 0.23528229908363238, 0.22733348648290377, 0.22238128592033643, 0.21337040292250142, 0.21873932956038294], "acc": [0.0, 0.013460726351351352, 0.026076858108108107, 0.04566089527027027, 0.080078125, 0.11623733108108109, 0.15461359797297297, 0.18243243243243243, 0.21294341216216217, 0.240234375, 0.2641997466216216, 0.33208403716216217, 0.4211887668918919, 0.48036317567567566, 0.5394847972972973, 0.5885240709459459, 0.625, 0.6618454391891891, 0.698215793918919, 0.731471706081081, 0.7488914695945946, 0.7868982263513513, 0.8104940878378378, 0.8207347972972973, 0.8350929054054054, 0.8473923141891891, 0.853832347972973, 0.8633340371621622, 0.8743665540540541, 0.8810705236486487, 0.885768581081081, 0.8947423986486487, 0.9025548986486487, 0.9066195101351351, 0.9108424831081081, 0.9128483952702703, 0.916015625, 0.919921875, 0.9212415540540541, 0.92578125, 0.9243559966216216]}