{"val_loss": [0.0, 11.024830019151842, 9.994532327394229, 8.78541237599141, 7.62324223002872, 6.691677654111707, 6.006481673266436, 5.507006419671549, 5.162823026244705, 4.853563134734695, 4.594690297100995, 3.947420303886001, 3.633884594247148, 3.4681131356471293, 3.308998352772481, 3.182664958206383, 3.1339271326322815, 3.028120089221645, 2.965484654581225, 2.9161321826883264, 2.8630392873609387, 2.8058661770176245, 2.7859644889831543, 2.7331315730069137, 2.7553988598488472, 2.6818706344913794, 2.6375620365142822, 2.6575894903492285, 2.654967511022413, 2.6539391408095487, 2.608850691769574, 2.5830724593755363, 2.5735480108776607, 2.5461967990205094, 2.566457564766343, 2.566384811659117, 2.5286925290081954, 2.5598566306603923, 2.5281705791885787, 2.52086476699726, 2.5275664683934806], "val_acc": [0.0, 0.060494087837837836, 0.08725717905405406, 0.15661951013513514, 0.21410472972972974, 0.28436444256756754, 0.33651815878378377, 0.35874155405405406, 0.37658361486486486, 0.4002322635135135, 0.4186549831081081, 0.549778293918919, 0.5981841216216216, 0.6224134290540541, 0.6591005067567568, 0.672877956081081, 0.6759396114864865, 0.6978990709459459, 0.7007495777027027, 0.7061338682432432, 0.7126266891891891, 0.7277238175675675, 0.7239231418918919, 0.7312077702702703, 0.7250844594594594, 0.7313133445945946, 0.7408678209459459, 0.735325168918919, 0.7307326858108109, 0.7335304054054054, 0.736328125, 0.7401288006756757, 0.7402871621621622, 0.7417124155405406, 0.7375950168918919, 0.7388619087837838, 0.7443517736486487, 0.7397592905405406, 0.7413429054054054, 0.7408678209459459, 0.7406566722972973], "loss": [0.0, 11.562528520017057, 10.594184102238836, 9.597414751310605, 8.574325471311003, 7.640262771297145, 6.912445854496312, 6.338264014269854, 5.897597312927246, 5.522511295370154, 5.223990743224685, 4.68581324010282, 4.142431404139544, 3.819580174781181, 3.5697120556960233, 3.3373420238494873, 3.1375997002060347, 2.9470671801953703, 2.811934129611866, 2.6621352756345593, 2.532425890097747, 2.397431409036791, 2.2882768688975155, 2.2161935116793656, 2.1647191563168087, 2.095811926029824, 2.0456910117252454, 1.9908743178522266, 1.9461974050547626, 1.897359522613319, 1.855518611701759, 1.8019639463038057, 1.7702831561500962, 1.7494014549899746, 1.7185653834729582, 1.6912168779888668, 1.6718328385739714, 1.6550214741681073, 1.6380589427174748, 1.6141377784110404, 1.5855047944429759], "acc": [0.0, 0.013566300675675675, 0.029877533783783782, 0.06197212837837838, 0.10768581081081081, 0.15973395270270271, 0.19605152027027026, 0.22867398648648649, 0.25897381756756754, 0.28088048986486486, 0.30141469594594594, 0.37895903716216217, 0.47397592905405406, 0.5327280405405406, 0.577808277027027, 0.6229413006756757, 0.6588893581081081, 0.6928315033783784, 0.7172191722972973, 0.7488386824324325, 0.7697951858108109, 0.7971389358108109, 0.8208931587837838, 0.8315561655405406, 0.838840793918919, 0.853515625, 0.8636507601351351, 0.8684016047297297, 0.876953125, 0.8839210304054054, 0.8897804054054054, 0.9000211148648649, 0.9049303209459459, 0.9079391891891891, 0.9137985641891891, 0.9183382601351351, 0.9197107263513513, 0.9223500844594594, 0.9244087837837838, 0.9275760135135135, 0.9343327702702703]}