{"val_loss": [0.0, 4.388914005868387, 3.2839133179427793, 2.6860393461765057, 2.3650754986193356, 2.1294431818411654, 2.0108092523261205, 1.9388898703075896, 1.840329263034283, 1.779050220579109, 1.6990032648080147, 1.643103491139892, 1.6364018609059736, 1.5944766030215578, 1.6028617832484662, 1.5445473522147877, 1.536729108967237, 1.5018224780191511, 1.4926784462576745, 1.4660466187352301, 1.4395374273693802, 1.4481938973369215, 1.403431061130242, 1.3607926712740188, 1.2969669017615735, 1.3295455490982773, 1.2455591453401835, 1.2249870290292189, 1.2594391473587727, 1.237180601030388, 1.234069497193266, 1.261521290612701, 1.2257472162678738, 1.2775842529415284, 1.2506164892407872, 1.2478906884289427, 1.2189032233401433, 1.235713793927391, 1.2831371040552255, 1.3071642558046634, 1.3070395626877778, 1.2745625892741568, 1.3546112367770815, 1.4067700457252912, 1.3297638447092683, 1.3189845969212934, 1.3124332281967137, 1.3427163902545136, 1.335897307267925, 1.3626537164985733, 1.355951078786146, 1.3989456097951671, 1.4528410784750176, 1.3808628550711894, 1.4559350015733066, 1.3827969035846275, 1.468309875102651, 1.4998110844784935, 1.4120630835926773, 1.475767882078286, 1.6697405532702503, 1.4828372055652157, 1.5926249477287266, 1.5328685300262181, 1.4863073065776953, 1.5688404478882783, 1.5021654143429441, 1.6244906323068093, 1.5333962510496177, 1.610426607748006, 1.627871090733765, 1.5636133271575774, 1.5330225231263461, 1.6978623445002026, 1.6756715508515403, 1.58508837403067, 1.5800845537009656, 1.6239339059231266, 1.7018608568898783, 1.638821726477386, 1.637901548371219], "val_acc": [0.0, 0.08064177852348993, 0.2425545302013423, 0.34721057046979864, 0.40661703020134227, 0.4480390100671141, 0.4757760067114094, 0.4877307046979866, 0.5175650167785235, 0.5282088926174496, 0.5461409395973155, 0.555998322147651, 0.5543729026845637, 0.5613989093959731, 0.5622902684563759, 0.5776006711409396, 0.5757130872483222, 0.591075922818792, 0.5881396812080537, 0.5931732382550335, 0.6004089765100671, 0.5956900167785235, 0.6082739093959731, 0.6219064597315436, 0.6375838926174496, 0.6240562080536913, 0.6505348154362416, 0.6578754194630873, 0.6444001677852349, 0.6566694630872483, 0.6538380872483222, 0.6494861577181208, 0.6618078859060402, 0.649800755033557, 0.6569316275167785, 0.6587143456375839, 0.6656354865771812, 0.6652160234899329, 0.6584521812080537, 0.6567743288590604, 0.6561451342281879, 0.6671036073825504, 0.6493812919463087, 0.6515310402684564, 0.6585570469798657, 0.6664219798657718, 0.666736577181208, 0.6646916946308725, 0.6707739093959731, 0.6660549496644296, 0.6695679530201343, 0.6666317114093959, 0.6555159395973155, 0.6688338926174496, 0.6585570469798657, 0.6726090604026845, 0.6597105704697986, 0.660182466442953, 0.6682571308724832, 0.6719798657718121, 0.6482802013422819, 0.674549077181208, 0.6617030201342282, 0.6698825503355704, 0.6804215604026845, 0.6702495805369127, 0.6814702181208053, 0.6720322986577181, 0.6762269295302014, 0.6702495805369127, 0.6717701342281879, 0.6763317953020134, 0.6792680369127517, 0.6632235738255033, 0.6717177013422819, 0.6712982382550335, 0.677065855704698, 0.6780620805369127, 0.6658452181208053, 0.675859899328859, 0.67439177852349], "loss": [0.0, 4.758670875690127, 4.040714786356728, 3.288103070035077, 2.8848098468460495, 2.6056936107225868, 2.416120302757161, 2.2629893406125525, 2.1467038937063023, 2.057428102365276, 1.9691874640900016, 1.9068256728601136, 1.841536302294507, 1.7821507757942148, 1.7328033615278717, 1.682328370193507, 1.6485407084426624, 1.6178648423828534, 1.571151935814211, 1.5357263852285858, 1.5049143723593463, 1.5629171905101547, 1.3757094358837845, 1.2660004364564115, 1.1863935753803125, 1.1118427975065757, 1.0489826618424998, 0.9954553528520085, 0.9212599548717473, 0.8816221481401648, 0.8365428410720506, 0.7872660606099455, 0.7608120021404036, 0.7018531764913726, 0.679112674805942, 0.6328000771319306, 0.5944737955027779, 0.565966920864662, 0.5401132530814049, 0.5164454049312028, 0.4945495746679754, 0.5016817232006349, 0.44751707119429673, 0.4153511263680138, 0.3970919476959529, 0.3632400139866259, 0.3539618382717939, 0.3349041031461034, 0.30146773519531994, 0.29846199699396253, 0.2771075596195339, 0.26990405202611983, 0.2580192702128583, 0.24570521584793226, 0.2293495844374567, 0.22812949656040077, 0.21858735892596662, 0.2011965029066641, 0.19724108128739684, 0.1822589945998168, 0.1820254521381935, 0.16277723931926208, 0.14670988079785502, 0.14978944312706088, 0.13943083739320702, 0.1304751797735491, 0.1302131529609929, 0.11966244874509589, 0.12408726280492624, 0.10888942809550455, 0.11042290692836446, 0.10885715668383461, 0.09876674788085206, 0.10444556829525821, 0.09969266650310699, 0.10679299758759721, 0.09635442667234465, 0.09349553889263697, 0.09080971737748525, 0.08149548480287194, 0.0880570814526021], "acc": [0.0, 0.027894295302013424, 0.09951761744966443, 0.19688548657718122, 0.2651006711409396, 0.3170616610738255, 0.3574349832214765, 0.39004823825503354, 0.4198301174496644, 0.4355599832214765, 0.4564282718120805, 0.46895973154362414, 0.48804530201342283, 0.5018351510067114, 0.5186136744966443, 0.5241715604026845, 0.5310927013422819, 0.5425755033557047, 0.5566799496644296, 0.5609794463087249, 0.5695784395973155, 0.5570994127516778, 0.6027160234899329, 0.6308724832214765, 0.6474412751677853, 0.6668414429530202, 0.6830432046979866, 0.6989828020134228, 0.7181208053691275, 0.730442533557047, 0.7417680369127517, 0.7540373322147651, 0.7628984899328859, 0.7803062080536913, 0.7874370805369127, 0.8013317953020134, 0.80998322147651, 0.8154886744966443, 0.8288066275167785, 0.8343120805369127, 0.841128355704698, 0.8381921140939598, 0.8573301174496645, 0.8635171979865772, 0.8741086409395973, 0.8806627516778524, 0.8837038590604027, 0.8925125838926175, 0.8984375, 0.902265100671141, 0.9096581375838926, 0.9111786912751678, 0.9160549496644296, 0.91935822147651, 0.927013422818792, 0.9269609899328859, 0.9295302013422819, 0.9352978187919463, 0.9367659395973155, 0.9424811241610739, 0.940174077181208, 0.9471476510067114, 0.9540687919463087, 0.9523385067114094, 0.9565331375838926, 0.9586828859060402, 0.959574244966443, 0.9618812919463087, 0.9608326342281879, 0.9647126677852349, 0.9651321308724832, 0.9643456375838926, 0.9689072986577181, 0.9666002516778524, 0.9680683724832215, 0.9668624161073825, 0.9694840604026845, 0.9713192114093959, 0.9711094798657718, 0.9744651845637584, 0.9734689597315436]}