{"acc": [0.0, 0.0, 0.0, 0.0, 0.0, 0.0, 0.0, 0.0, 0.0, 0.0, 0.016726090604026845, 0.0627621644295302, 0.12515729865771813, 0.17926803691275167, 0.22142407718120805, 0.2558200503355705, 0.2835046140939597, 0.31208053691275167, 0.3291212248322148, 0.34511325503355705, 0.41359060402684567, 0.4976405201342282, 0.5473468959731543, 0.5883494127516778, 0.6180788590604027, 0.6490666946308725, 0.6780620805369127, 0.7030201342281879, 0.7196937919463087, 0.7398804530201343, 0.7705012583892618, 0.7862311241610739, 0.8029047818791947, 0.8135486577181208, 0.8247692953020134, 0.8261849832214765, 0.8387164429530202, 0.8500943791946308, 0.8550230704697986, 0.8594798657718121, 0.8719588926174496, 0.8773070469798657, 0.8874790268456376, 0.8882130872483222, 0.8891568791946308, 0.8944001677852349, 0.8953963926174496, 0.9001677852348994, 0.9044672818791947, 0.9071937919463087, 0.9117554530201343, 0.9097105704697986, 0.9181522651006712, 0.915268456375839, 0.9160025167785235, 0.9216652684563759, 0.9249161073825504, 0.9201971476510067, 0.9176279362416108, 0.9229236577181208, 0.9240247483221476, 0.9262793624161074, 0.9260696308724832, 0.9278523489932886, 0.9268561241610739, 0.9291107382550335, 0.9272231543624161, 0.9299496644295302, 0.9313653523489933, 0.9327286073825504, 0.9318372483221476, 0.9309458892617449, 0.9328859060402684, 0.9353502516778524, 0.9346686241610739, 0.9334102348993288, 0.9329907718120806, 0.9319421140939598, 0.9350880872483222, 0.9367135067114094, 0.9356648489932886, 0.9383913590604027, 0.9354551174496645, 0.9344064597315436, 0.9346686241610739, 0.9339345637583892, 0.9373427013422819, 0.9390205536912751, 0.9372902684563759, 0.9395448825503355, 0.9352978187919463, 0.9382340604026845, 0.9382340604026845, 0.9379194630872483, 0.9363989093959731, 0.9393875838926175, 0.9355599832214765, 0.9344588926174496, 0.9381816275167785, 0.9377621644295302, 0.9408032718120806, 0.9366610738255033, 0.9373427013422819, 0.9366086409395973, 0.9420092281879194, 0.9380767617449665, 0.938705956375839, 0.9379718959731543, 0.9382340604026845, 0.9372378355704698], "val_acc": [0.0, 0.0, 0.0, 0.0, 0.0, 0.0, 0.0, 0.0, 0.0, 0.0, 0.07120385906040269, 0.14696937919463088, 0.2533557046979866, 0.31842491610738255, 0.3416526845637584, 0.3783032718120805, 0.39728397651006714, 0.4191484899328859, 0.43734270134228187, 0.45149958053691275, 0.5629194630872483, 0.5966338087248322, 0.6482277684563759, 0.657560822147651, 0.6655306208053692, 0.665425755033557, 0.675755033557047, 0.6828334731543624, 0.6870805369127517, 0.6936870805369127, 0.7155515939597316, 0.717386744966443, 0.7198510906040269, 0.7215813758389261, 0.7208473154362416, 0.7282927852348994, 0.725356543624161, 0.7141883389261745, 0.7189597315436241, 0.7239932885906041, 0.7325922818791947, 0.7387793624161074, 0.7340604026845637, 0.7337458053691275, 0.737049077181208, 0.7329593120805369, 0.727873322147651, 0.7329068791946308, 0.7321203859060402, 0.7326447147651006, 0.7360004194630873, 0.7331166107382551, 0.7392512583892618, 0.7379928691275168, 0.738359899328859, 0.7367344798657718, 0.7390415268456376, 0.7365771812080537, 0.7385696308724832, 0.7400377516778524, 0.7421350671140939, 0.7405620805369127, 0.73967072147651, 0.7391463926174496, 0.7415583053691275, 0.7401426174496645, 0.740876677852349, 0.7425545302013423, 0.7389890939597316, 0.7404047818791947, 0.7410864093959731, 0.7427118288590604, 0.7417680369127517, 0.7407193791946308, 0.740876677852349, 0.7420302013422819, 0.7432885906040269, 0.7410339765100671, 0.740981543624161, 0.7411912751677853, 0.73967072147651, 0.7389366610738255, 0.7400377516778524, 0.7407193791946308, 0.7410339765100671, 0.7402999161073825, 0.7396182885906041, 0.7412437080536913, 0.7399328859060402, 0.739565855704698, 0.7396182885906041, 0.7403523489932886, 0.7401426174496645, 0.7391988255033557, 0.7393036912751678, 0.7403523489932886, 0.7400901845637584, 0.7400377516778524, 0.7396182885906041, 0.7389890939597316, 0.7388317953020134, 0.7392512583892618, 0.7400901845637584, 0.7393036912751678, 0.7392512583892618, 0.739513422818792, 0.7393561241610739, 0.7396182885906041, 0.7398280201342282, 0.7399328859060402], "loss": [0.0, 0.0, 0.0, 0.0, 0.0, 0.0, 0.0, 0.0, 0.0, 0.0, 10.530944805017254, 7.940776408918752, 6.126448404068915, 5.088140900503069, 4.5065873357273585, 4.147032718530437, 3.900168086058341, 3.7052804783686697, 3.5638498347877654, 3.46276847628139, 3.0849552922600867, 2.6848652826859647, 2.450766376200938, 2.2610308003905635, 2.131867935193465, 1.9970096141699976, 1.887741000060267, 1.7848894604100476, 1.6991968170908474, 1.6420417280005128, 1.5103708089598074, 1.441277200743656, 1.3836879762227103, 1.3416798818831477, 1.3079744753421554, 1.284792813678716, 1.2537267968158594, 1.205386850657879, 1.1895443789110889, 1.1505472268034147, 1.1233221264493545, 1.099779399049362, 1.0638082107441538, 1.0543701876729927, 1.0479949420730539, 1.028341471348833, 1.0197715647268615, 1.0043970070429296, 0.9867617215886212, 0.9781335432257429, 0.9581536514647055, 0.9627834994520917, 0.9394435114508507, 0.9404733541027811, 0.9350881332519071, 0.9187719645916216, 0.9128143771382786, 0.9174769532760517, 0.9160456261378807, 0.9038149510454011, 0.9008755871913577, 0.8961053094607871, 0.8889465236023768, 0.8841671947664862, 0.8880806341267272, 0.8793684628185809, 0.8819879725475439, 0.8756587061305974, 0.8721276805704872, 0.8686972960529712, 0.8689501269551732, 0.8656991404174958, 0.8568505616796097, 0.8533104110084124, 0.8571994472670075, 0.8560243356947931, 0.8643643664033621, 0.857034669226448, 0.8534003724187813, 0.8494076528805214, 0.8502671894611128, 0.8423228407866202, 0.847394483601487, 0.8500200057989798, 0.8533394388704492, 0.8475107994655635, 0.8426116148897466, 0.8420708271481047, 0.8426039610933137, 0.8434907974012746, 0.8438968854462541, 0.8386287165168148, 0.8387954623107142, 0.8408800911583356, 0.8394527995346377, 0.840698198184071, 0.8443523293373568, 0.8495499315677874, 0.8345749858241753, 0.8366561007979733, 0.8304856631579816, 0.8399381121533029, 0.8372459527630134, 0.8375970637238266, 0.8332038593772274, 0.8377948631376229, 0.8374060108357628, 0.8430490837801223, 0.83540791593142, 0.8378983956055354],