{"acc": [0.014786073825503355, 0.05164639261744967, 0.1091128355704698, 0.16789010067114093, 0.20994127516778524, 0.24449454697986578, 0.27364723154362414, 0.30437290268456374, 0.32545092281879195, 0.34018456375838924, 0.3543414429530201, 0.36252097315436244, 0.37258808724832215, 0.3861157718120805, 0.397126677852349, 0.40032508389261745, 0.40913380872483224, 0.4150587248322148, 0.4279047818791946, 0.42554530201342283, 0.47546140939597314, 0.5688968120805369, 0.6117869127516778, 0.6581900167785235, 0.6884962248322147, 0.7348468959731543, 0.7643666107382551, 0.7816694630872483, 0.796875, 0.8167994966442953, 0.842544043624161, 0.8575922818791947, 0.8638842281879194, 0.8719588926174496, 0.8833892617449665, 0.897231543624161, 0.9047294463087249, 0.908924077181208, 0.9142722315436241, 0.9168414429530202, 0.9279047818791947, 0.9334626677852349, 0.9372378355704698, 0.938863255033557, 0.9399643456375839, 0.9459416946308725, 0.9477244127516778, 0.9516568791946308, 0.9519714765100671, 0.9527055369127517, 0.9525482382550335, 0.9562185402684564, 0.9549601510067114, 0.9577915268456376, 0.959626677852349, 0.9598364093959731, 0.9618288590604027, 0.9613569630872483, 0.9611996644295302, 0.9625629194630873, 0.9631396812080537, 0.9626677852348994, 0.9627726510067114, 0.9641359060402684, 0.9682256711409396, 0.9669148489932886, 0.9644505033557047, 0.9632969798657718, 0.96623322147651, 0.9670197147651006, 0.9678586409395973, 0.964817533557047, 0.9658137583892618, 0.967439177852349, 0.9677013422818792, 0.9663380872483222, 0.9678586409395973, 0.9696937919463087, 0.9668099832214765, 0.9672818791946308, 0.96875, 0.967386744966443, 0.9688024328859061, 0.9679110738255033, 0.9681208053691275, 0.9697986577181208, 0.9682781040268457, 0.9678586409395973, 0.9678586409395973, 0.9705851510067114, 0.9686975671140939, 0.9703754194630873, 0.9695364932885906, 0.9669148489932886, 0.9672818791946308, 0.9664429530201343, 0.9717911073825504, 0.9703754194630873, 0.9691170302013423, 0.9684878355704698], "val_acc": [0.0554739932885906, 0.1290373322147651, 0.2254089765100671, 0.2822986577181208, 0.3338926174496644, 0.3817638422818792, 0.3976510067114094, 0.41060192953020136, 0.4249685402684564, 0.4238674496644295, 0.4321518456375839, 0.45700503355704697, 0.4539114932885906, 0.4669672818791946, 0.48175335570469796, 0.4831690436241611, 0.49328859060402686, 0.4902474832214765, 0.493498322147651, 0.49029991610738255, 0.6014576342281879, 0.6168729026845637, 0.6754404362416108, 0.6845637583892618, 0.6785864093959731, 0.7164429530201343, 0.7190645973154363, 0.7235213926174496, 0.7262479026845637, 0.7214765100671141, 0.7319630872483222, 0.7311241610738255, 0.7300230704697986, 0.7350566275167785, 0.7285549496644296, 0.7409291107382551, 0.738202600671141, 0.7402999161073825, 0.7348993288590604, 0.7387793624161074, 0.7449140100671141, 0.7434458892617449, 0.739513422818792, 0.7400901845637584, 0.7350566275167785, 0.7404047818791947, 0.7449664429530202, 0.7402474832214765, 0.7445994127516778, 0.7398280201342282, 0.739565855704698, 0.7385696308724832, 0.7437604865771812, 0.7401950503355704, 0.740876677852349, 0.7429215604026845, 0.7414534395973155, 0.7444945469798657, 0.7423447986577181, 0.7438129194630873, 0.7459626677852349, 0.7477978187919463, 0.746172399328859, 0.7438129194630873, 0.7451761744966443, 0.7465394295302014, 0.747378355704698, 0.7466967281879194, 0.7455432046979866, 0.7468015939597316, 0.748794043624161, 0.7479551174496645, 0.7483221476510067, 0.7467491610738255, 0.7475880872483222, 0.748794043624161, 0.7472734899328859, 0.7472210570469798, 0.7471686241610739, 0.7481648489932886, 0.7490562080536913, 0.7489513422818792, 0.7478502516778524, 0.7493708053691275, 0.748794043624161, 0.7494232382550335, 0.7484270134228188, 0.7490562080536913, 0.7491610738255033, 0.7492135067114094, 0.7488989093959731, 0.7492135067114094, 0.7498951342281879, 0.7495805369127517, 0.7493708053691275, 0.7493183724832215, 0.7488464765100671, 0.7503145973154363, 0.7489513422818792, 0.7492659395973155], "loss": [10.800281054221543, 8.68320263312167, 6.963347266984466, 5.782023196252401, 5.073212074753422, 4.613129937408755, 4.305867195929457, 4.051358920615791, 3.889710178311239, 3.7413782161354217, 3.617800550172793, 3.526264819522832, 3.4761742361439953, 3.384216883838577, 3.322496788613748, 3.28663340510938, 3.2360308730362246, 3.1777608730648987, 3.1180592927356696, 3.1056983462916126, 2.891576578953122, 2.459583046452311, 2.2194288645014666, 2.012042807652646, 1.8776637155737652, 1.6788111869120759, 1.557168082102833, 1.4594900032017855, 1.3838095364954648, 1.3053791833003896, 1.206776024711212, 1.1390356329463471, 1.1073800637417992, 1.0667340189418537, 1.0291252038222831, 0.9734773527855841, 0.931572312476651, 0.9081493068061419, 0.888011207716577, 0.8757284119625219, 0.8378408805235921, 0.809520388609611, 0.7958068947664043, 0.7855656741049466, 0.7733060107535163, 0.7486311535307225, 0.7432025647003379, 0.7235646307868445, 0.7210009058049861, 0.7145040361273208, 0.7029377664095603, 0.6955870961982932, 0.69713665895014, 0.6848270507066841, 0.6801541855671261, 0.6735924240326722, 0.6644757458027577, 0.6628137046858769, 0.659388308557088, 0.6588969504673209, 0.6541033221171206, 0.6506201004821982, 0.6528302863140234, 0.6485169485911427, 0.63683845692833, 0.6357545498633544, 0.6369336393455531, 0.6409828674873249, 0.6295135397239019, 0.6308027891904716, 0.6283661757139551, 0.633287165388965, 0.6301768548136589, 0.6277468546524944, 0.6230054853746555, 0.6253056870210891, 0.625505207168976, 0.6193423989235155, 0.6205062810206573, 0.6205763966845186, 0.6160857591453015, 0.6242227344304924, 0.6162312950863934, 0.6224613557725944, 0.6213749021091717, 0.6187114817584121, 0.6161721424768435, 0.617605562378096, 0.6201308731664747, 0.6152206607312964, 0.6193795468183172, 0.613131114500481, 0.6149298308679721, 0.6157295695887316, 0.621397990308352, 0.6181969372618118, 0.6114114282915256, 0.6124568941609171, 0.6165854684858514, 0.6181975607103949], "val_loss": [9.6050334520788, 7.425433142873265, 5.778589099845631, 4.844017284828545, 4.297534696207751, 3.8948353096942774, 3.6768449864931556, 3.5233374202011416, 3.3527654609424156, 3.3330602773884, 3.243631173300263, 3.10541285764451, 3.0837541306578875, 3.0055056346342868, 2.9302806734238693, 2.9085302792939562, 2.830403395947194, 2.84362946100683, 2.817300727703427, 2.806129729987791, 2.3835658667071553, 2.288884091297252, 2.079173805329624, 2.0022029188655366, 1.9926589015346245, 1.8630509096504058, 1.8522877561165982, 1.7899872400616639, 1.787306630371401, 1.8313814001595414, 1.7882246547097327, 1.7677156093136577, 1.7881445148647233, 1.7509928773713592, 1.772247191643555, 1.7357706615588808, 1.7443923626170061, 1.7489198998316822, 1.7493254046312114, 1.7315400018788023, 1.713209063014728, 1.7274104068743303, 1.7306971934017719, 1.7546145255933672, 1.760132453585631, 1.7337975073980805, 1.706565857733656, 1.7306772794499494, 1.7252721938510869, 1.7349403916589365, 1.7383973118442817, 1.7278499091231583, 1.7134417999510798, 1.7308647192564586, 1.7209029037680401, 1.7155111612089529, 1.7187428830454015, 1.7095280889696722, 1.7146534215683904, 1.7058489670689474, 1.6934820917628755, 1.6897089141327262, 1.6904202639656578, 1.7008315204773974, 1.694587893934058, 1.6981701306848718, 1.6901567738328205, 1.692512136977791, 1.6975588126470578, 1.7019519213862067, 1.698433330195062, 1.6986903652248766, 1.6924320643380184, 1.6960137518460319, 1.6953860549318711, 1.6957200885619093, 1.6974814574190433, 1.6986413158026317, 1.6952920172038495, 1.695269321835281, 1.693699286288063, 1.6908227341287088, 1.692679173194322, 1.6907860656712679, 1.6856641549392035, 1.6896283118516806, 1.6882210389879726, 1.6888636066609581, 1.6864657738064759, 1.6825898859724902, 1.6834654764041004, 1.6818498475039565, 1.6801763788965725, 1.6834886774120714, 1.6847334052092278, 1.68305227060446, 1.6853705094564682, 1.6795043115247816, 1.6831956933808807, 1.680142442652043]}