{"val_loss": [0.0, 4.307725039104487, 3.1542059695160627, 2.6855189184214443, 2.3602559758512767, 2.190264406620256, 2.053682729701868, 1.9321890913400075, 1.910975875070431, 1.7927546673173071, 1.7395861508862285, 1.6716925873852415, 1.6417269918742596, 1.6520529429384525, 1.6149469756039998, 1.603965228435977, 1.5798536107044092, 1.5792596800215293, 1.571603854430602, 1.5420670309322793, 1.544298982460227, 1.5318089205546668, 1.508476327329674, 1.440144292460192, 1.3976869919156067, 1.397932198023636, 1.3586015233257474, 1.310055032672498, 1.3146460326325973, 1.3120643884543604, 1.3425941391279232, 1.3238507203207721, 1.3212956102102396, 1.2768870788132585, 1.2543272760090411, 1.2609141302988833, 1.2843039207810523, 1.2297326742402659, 1.2646799335543741, 1.2409852511130723, 1.3032035993649655], "val_acc": [0.0, 0.10114303691275167, 0.24643456375838926, 0.33158557046979864, 0.3878460570469799, 0.44090813758389263, 0.4592596476510067, 0.49213506711409394, 0.49580536912751677, 0.5205536912751678, 0.5305683724832215, 0.5461933724832215, 0.5522231543624161, 0.5510696308724832, 0.5604551174496645, 0.5671665268456376, 0.5693162751677853, 0.5637583892617449, 0.5674811241610739, 0.5790687919463087, 0.5737730704697986, 0.5811136744966443, 0.5823196308724832, 0.6030306208053692, 0.6139890939597316, 0.6098468959731543, 0.6234270134228188, 0.6339660234899329, 0.6321833053691275, 0.6358011744966443, 0.628984899328859, 0.6357487416107382, 0.6370595637583892, 0.6490666946308725, 0.6534186241610739, 0.6547818791946308, 0.6495385906040269, 0.66154572147651, 0.6548343120805369, 0.6604970637583892, 0.6577705536912751], "loss": [0.0, 4.751035767113603, 3.9390472237695784, 3.265482395287328, 2.88396838927429, 2.627784702601849, 2.432098310665796, 2.306019371787974, 2.185832595665183, 2.1031788319549305, 2.0363997477012994, 1.9111675376060024, 1.850301152907762, 1.817313068665114, 1.784917985032869, 1.7559271226793327, 1.7468403661811112, 1.7113963697580683, 1.673671439190039, 1.6474368028192712, 1.6196043275346692, 1.7107238385501324, 1.5423178620786475, 1.4569867597330337, 1.3635240549209133, 1.2966514549799413, 1.2427972775177667, 1.1836488118907749, 1.1244975614467723, 1.0754480871978223, 1.0349760389568021, 1.0080812339414686, 0.9557038979642343, 0.8936712693848066, 0.8333097781310945, 0.8009240154251956, 0.7655454864037917, 0.7203140195784152, 0.6913447182050487, 0.653729814311002, 0.6211692369824288], "acc": [0.0, 0.026426174496644295, 0.10030411073825503, 0.18361996644295303, 0.25031459731543626, 0.3041631711409396, 0.3495176174496644, 0.3742135067114094, 0.40462458053691275, 0.4277474832214765, 0.4320469798657718, 0.46890729865771813, 0.4820155201342282, 0.4893561241610738, 0.5020448825503355, 0.5025692114093959, 0.5098049496644296, 0.5176698825503355, 0.5267932046979866, 0.5353921979865772, 0.5373322147651006, 0.5210780201342282, 0.561189177852349, 0.5792785234899329, 0.602873322147651, 0.6170302013422819, 0.6319211409395973, 0.6500629194630873, 0.6605494966442953, 0.675859899328859, 0.6853502516778524, 0.6972525167785235, 0.7085255872483222, 0.723940855704698, 0.7412437080536913, 0.7479026845637584, 0.7578649328859061, 0.7690855704697986, 0.777422399328859, 0.7896392617449665, 0.7998112416107382]}