{"val_loss": [0.0, 4.586977315429073, 3.6551095935322295, 2.9316778214985892, 2.535167741295475, 2.2860890342885214, 2.111240214149424, 1.9829966417895069, 1.8827004312668871, 1.8096755651019563, 1.7576704817330278, 1.6715965491013238, 1.5586905651444556, 1.4914878322774132, 1.4351115222745294, 1.4286127838512395, 1.3560622754513016, 1.3250080371063027, 1.3166406964695694, 1.2926404160141145, 1.2891893816874331, 1.2593585094749526, 1.2680429018183843, 1.2597941882258294, 1.264977744961745, 1.2714587644042585, 1.2383382426412313, 1.2412831549276442, 1.2569791866628917, 1.2761116731886897, 1.2575514984610896, 1.2696670941858483, 1.2814207325045694, 1.3000584726765652, 1.2801142346938985, 1.2980326800138358, 1.3057796481071702, 1.3210566453885713, 1.3381776075635181, 1.3360066385877212, 1.3517313909610646], "val_acc": [0.0, 0.06396812080536912, 0.1860843120805369, 0.303376677852349, 0.37232592281879195, 0.4329383389261745, 0.45249580536912754, 0.48143875838926176, 0.5093330536912751, 0.5165687919463087, 0.5342386744966443, 0.5587772651006712, 0.5782822986577181, 0.5988359899328859, 0.6084836409395973, 0.6085885067114094, 0.6264681208053692, 0.6346476510067114, 0.6318687080536913, 0.6396812080536913, 0.6410444630872483, 0.6529467281879194, 0.6501153523489933, 0.6531040268456376, 0.6494861577181208, 0.651059144295302, 0.6636430369127517, 0.6600251677852349, 0.6568267617449665, 0.6534710570469798, 0.6654781879194631, 0.6639576342281879, 0.6704068791946308, 0.6640625, 0.6671036073825504, 0.6716128355704698, 0.6736577181208053, 0.6720322986577181, 0.6662646812080537, 0.675702600671141, 0.6707214765100671], "loss": [0.0, 4.8394035476966195, 4.3005956307353586, 3.5648432962046375, 3.0985425678675607, 2.7792215619311236, 2.5369768598735734, 2.3606722562905125, 2.248390946212231, 2.134805318893202, 2.042822465800599, 1.9716820144813332, 1.7546785289809208, 1.6204065482488414, 1.5253027501522294, 1.428988897960458, 1.3394282186191353, 1.2660035927023663, 1.1929781916957574, 1.1387593426160365, 1.0694278710640517, 1.0264886485650235, 0.9460443014266507, 0.8745605107521851, 0.8214841908056464, 0.7725339553900213, 0.7218004438101046, 0.6785710082958208, 0.643652685136603, 0.602706536950681, 0.5697160293191872, 0.5068103205037597, 0.4772420472046673, 0.45390640084175454, 0.42484956529716517, 0.40116145166774725, 0.3760810786445669, 0.36170443242428285, 0.3451861920672775, 0.3243122323347418, 0.30669988391783415], "acc": [0.0, 0.02165478187919463, 0.06936870805369127, 0.1514261744966443, 0.2191170302013423, 0.2832948825503356, 0.32807256711409394, 0.3693896812080537, 0.3924601510067114, 0.4115981543624161, 0.43765729865771813, 0.4586828859060403, 0.5052432885906041, 0.5410025167785235, 0.558619966442953, 0.5893456375838926, 0.6082214765100671, 0.6258389261744967, 0.643299077181208, 0.6613359899328859, 0.6807885906040269, 0.6917470637583892, 0.707109899328859, 0.72907927852349, 0.7472734899328859, 0.7611682046979866, 0.7710780201342282, 0.7829278523489933, 0.7940960570469798, 0.807309144295302, 0.8202076342281879, 0.8331585570469798, 0.8445889261744967, 0.8506711409395973, 0.8607906879194631, 0.865981543624161, 0.8733221476510067, 0.8807676174496645, 0.8858536073825504, 0.8926698825503355, 0.8973364093959731]}