{"val_loss": [0.0, 4.725272565274625, 4.513116862322833, 4.078710556030273, 3.539556071564958, 3.0703604736843624, 2.662907026909493, 2.429032203313467, 2.2823805196865186, 2.174143467400525, 2.081980615048795, 1.6160511326145481, 1.4040021976909123, 1.3567083606848847, 1.314184979812519, 1.2405032886041176, 1.225254177241712, 1.259335691864426, 1.2764166625770363, 1.2884426366638493, 1.3675361315946322, 1.316305953103143, 1.3301973375114235, 1.378366470336914, 1.3281882308624886, 1.3800247319646783, 1.430385774857289, 1.476981977353225, 1.5284155494457967, 1.4974718625481065, 1.492665703232224, 1.5042258807130762, 1.530570360454353, 1.5344484416214195, 1.5654110280243125, 1.5754455907924756, 1.5749425356452529, 1.5998792487221796, 1.597925650106894, 1.6064032815598153, 1.627744141462687], "val_acc": [0.0, 0.05516258445945946, 0.07390202702702703, 0.1610008445945946, 0.22661528716216217, 0.29017103040540543, 0.3488703547297297, 0.3752639358108108, 0.4057749155405405, 0.4184438344594595, 0.44272592905405406, 0.551097972972973, 0.6019847972972973, 0.6166596283783784, 0.6368771114864865, 0.6573585304054054, 0.6664907094594594, 0.6724556587837838, 0.6771009290540541, 0.6848078547297297, 0.6862331081081081, 0.6929370777027027, 0.6942567567567568, 0.6905616554054054, 0.702174831081081, 0.7007495777027027, 0.6980574324324325, 0.6965793918918919, 0.6935177364864865, 0.6980046452702703, 0.6986380912162162, 0.6999049831081081, 0.700221706081081, 0.700168918918919, 0.6983741554054054, 0.6994826858108109, 0.7012774493243243, 0.6997994087837838, 0.6989548141891891, 0.700168918918919, 0.7004328547297297], "loss": [0.0, 4.861256290126491, 4.717456218358633, 4.5264703776385335, 4.183283738187842, 3.7841260078791024, 3.402805041622471, 3.0960447369395077, 2.8797368938858443, 2.6879618618939376, 2.533265722764505, 2.1604177516859933, 1.6852531723074011, 1.3837311622258779, 1.1395389067160118, 0.9659723760308446, 0.8109544443117606, 0.679634349571692, 0.56850562224517, 0.48543689621461406, 0.41600234403803543, 0.354140113334398, 0.3052443555883459, 0.2805145282197643, 0.2422454339024183, 0.22844781223181132, 0.2058028981492326, 0.1881863114398879, 0.1762340956845799, 0.16471009590738528, 0.16218207051625122, 0.14094425355260437, 0.13072963602639534, 0.13116386422031634, 0.12166994729557552, 0.11630218783141794, 0.11119401429754656, 0.10837847809936549, 0.10458703872722548, 0.10264923806126053, 0.09459976227702321], "acc": [0.0, 0.015097128378378379, 0.03146114864864865, 0.06535050675675676, 0.10911106418918919, 0.15545819256756757, 0.20486697635135134, 0.24841638513513514, 0.28425886824324326, 0.31482263513513514, 0.3360958614864865, 0.4127956081081081, 0.5164168074324325, 0.5911634290540541, 0.6570945945945946, 0.7032833614864865, 0.7458826013513513, 0.7815139358108109, 0.8208403716216216, 0.845703125, 0.8671875, 0.8888830236486487, 0.9037162162162162, 0.9122677364864865, 0.9251478040540541, 0.9292652027027027, 0.9368665540540541, 0.9435705236486487, 0.9476351351351351, 0.9504856418918919, 0.9509607263513513, 0.9584565033783784, 0.9641575168918919, 0.9623627533783784, 0.96484375, 0.9665857263513513, 0.9681693412162162, 0.9693834459459459, 0.9699641047297297, 0.9707559121621622, 0.9737119932432432]}