{"val_loss": [0.0, 10.998068087809795, 9.948696574649295, 8.667610529306772, 7.539096432763177, 6.653180186812942, 6.036585485613024, 5.575988447343981, 5.1931907228521395, 4.925366930059485, 4.637246318765588, 4.438426662135768, 4.299682243450268, 4.146542642567609, 4.012760217125352, 3.889589287139274, 3.7849331482036694, 3.7372295985350736, 3.6798368982366614, 3.5867135331437394, 3.487720367070791, 3.2266372538901664, 3.095255055943051, 3.01980244146811, 2.940706211167413, 2.881170965529777, 2.824590064383842, 2.794735154590091, 2.776647854495693, 2.7104415506929964, 2.7066137758461206, 2.6784856093896403, 2.676509402893685, 2.6412855805577458, 2.628424757235759, 2.612979238097732, 2.570373190415872, 2.5757299951604895, 2.556084394454956, 2.5575282122637772, 2.5615907424205058, 2.5266090631484985, 2.5348506553753003, 2.511365233240901, 2.498254772779104, 2.4960603746207983, 2.5021431381637984, 2.5034613802626327, 2.4652569551725647, 2.466641029796085, 2.4818063877724312, 2.4606066136746794, 2.45125658447678, 2.444607138633728, 2.4530020533381283, 2.4310127786687903, 2.433729587374507, 2.4327748305088766, 2.4642497655507682, 2.423706125568699, 2.4192812829404264, 2.430754345816535, 2.408140275929425, 2.3999812602996826, 2.383423818124307, 2.3801838771716968, 2.4203693415667558, 2.3775897412686735, 2.392090399523039, 2.3597939111090995, 2.3709895159747147], "val_acc": [0.0, 0.07099873310810811, 0.12938133445945946, 0.14695945945945946, 0.21933065878378377, 0.28842905405405406, 0.32648859797297297, 0.3628589527027027, 0.39933488175675674, 0.40735853040540543, 0.4267842060810811, 0.4419341216216216, 0.44272592905405406, 0.4533889358108108, 0.4613597972972973, 0.46880278716216217, 0.4780933277027027, 0.47371199324324326, 0.47065033783783783, 0.48131334459459457, 0.4937183277027027, 0.5607052364864865, 0.5887880067567568, 0.6050464527027027, 0.6214632601351351, 0.6374049831081081, 0.6497571790540541, 0.6551414695945946, 0.6600506756756757, 0.677734375, 0.6727195945945946, 0.6802153716216216, 0.6827491554054054, 0.6886085304054054, 0.6895586993243243, 0.6920396959459459, 0.7019636824324325, 0.7034945101351351, 0.7066617398648649, 0.7046558277027027, 0.7049197635135135, 0.7113597972972973, 0.7107791385135135, 0.7131545608108109, 0.7176414695945946, 0.7167440878378378, 0.7152660472972973, 0.7137352195945946, 0.721706081081081, 0.7218644425675675, 0.719066722972973, 0.7230257601351351, 0.7222867398648649, 0.7243982263513513, 0.7239231418918919, 0.7274070945945946, 0.7245038006756757, 0.724609375, 0.7165857263513513, 0.7247677364864865, 0.7245038006756757, 0.7248733108108109, 0.7264569256756757, 0.7290962837837838, 0.7285684121621622, 0.7303103885135135, 0.7247677364864865, 0.7270375844594594, 0.7279349662162162, 0.7305215371621622, 0.727565456081081], "loss": [0.0, 11.538510915395376, 10.559342191026017, 9.53339197828963, 8.483663597622433, 7.597603372625403, 6.893759166872179, 6.342764094069198, 5.911001624287786, 5.541020644677652, 5.284502667349738, 5.0191730293067724, 4.816067412092879, 4.6223078160672575, 4.479453003084338, 4.343798463409011, 4.2305237505887, 4.131158870619696, 4.023635725717287, 3.924202377731736, 3.8589705099930636, 3.6095691403827153, 3.374994938438003, 3.2314239289309525, 3.118218215736183, 3.020504187893223, 2.9240460009188265, 2.846617914534904, 2.768900971154909, 2.7031274743982263, 2.63076896603043, 2.575384136792776, 2.520988097061982, 2.464117907189034, 2.407730128314044, 2.377578809454634, 2.3260490185505636, 2.27634414788839, 2.248273375872019, 2.2065013711516923, 2.1624840530189307, 2.1270031316860303, 2.092366239509067, 2.067583802584055, 2.0253914771853267, 1.9947781353383451, 1.9746416936049591, 1.9452664078892887, 1.926350870647946, 1.8867634567054543, 1.8610041254275553, 1.8504740128646027, 1.8229257416080784, 1.8022447615056425, 1.76662829598865, 1.7470159740061373, 1.7286749981545113, 1.699304550080686, 1.6811395947997634, 1.6705490189629633, 1.6466931394628577, 1.6154109561765515, 1.6031507237537488, 1.5829026473535073, 1.5760084277874715, 1.5560899892368831, 1.5331561533180442, 1.510821105660619, 1.4967126201938938, 1.4839559938456561, 1.462473965979911], "acc": [0.0, 0.014305320945945946, 0.029666385135135136, 0.06735641891891891, 0.11650126689189189, 0.15788640202702703, 0.1989548141891892, 0.23004645270270271, 0.26008234797297297, 0.28315033783783783, 0.3010451858108108, 0.32258234797297297, 0.3383657094594595, 0.3559438344594595, 0.3662373310810811, 0.380859375, 0.3871938344594595, 0.3957453547297297, 0.4040329391891892, 0.4165434966216216, 0.4174408783783784, 0.4631545608108108, 0.5163112331081081, 0.5444995777027027, 0.5686233108108109, 0.5893686655405406, 0.6074746621621622, 0.623363597972973, 0.6441089527027027, 0.6501266891891891, 0.6715054898648649, 0.6844911317567568, 0.6974767736486487, 0.7100929054054054, 0.7226034628378378, 0.73046875, 0.7400760135135135, 0.7475717905405406, 0.7579180743243243, 0.7678420608108109, 0.7780299831081081, 0.7852618243243243, 0.7958192567567568, 0.7940772804054054, 0.8116026182432432, 0.8170924831081081, 0.8189400337837838, 0.8311338682432432, 0.8305532094594594, 0.8386824324324325, 0.8450168918918919, 0.8446473817567568, 0.855152027027027, 0.8539379222972973, 0.8625422297297297, 0.8668179898648649, 0.8685599662162162, 0.8756334459459459, 0.8786951013513513, 0.8790118243243243, 0.8849767736486487, 0.8927892736486487, 0.8918391047297297, 0.8952174831081081, 0.8978040540540541, 0.9004961993243243, 0.9032411317567568, 0.9103146114864865, 0.9101034628378378, 0.9120565878378378, 0.9160684121621622]}