{"acc": [0.0, 0.0, 0.0, 0.0, 0.0, 0.0, 0.0, 0.0, 0.0, 0.0, 0.016988255033557047, 0.05961619127516778, 0.11886535234899329, 0.18094588926174496, 0.2273489932885906, 0.2585989932885906, 0.2895868288590604, 0.3054215604026846, 0.3262898489932886, 0.3420197147651007, 0.41699874161073824, 0.4980075503355705, 0.5453544463087249, 0.5857277684563759, 0.6265729865771812, 0.6547294463087249, 0.6798972315436241, 0.7039639261744967, 0.72404572147651, 0.7475880872483222, 0.7734899328859061, 0.7914744127516778, 0.8105599832214765, 0.8205746644295302, 0.8273385067114094, 0.8349412751677853, 0.8484689597315436, 0.8521392617449665, 0.860580956375839, 0.8641463926174496, 0.8767827181208053, 0.8837562919463087, 0.8856438758389261, 0.8916212248322147, 0.8913066275167785, 0.8964450503355704, 0.897074244966443, 0.9052537751677853, 0.9041002516778524, 0.9069840604026845, 0.9135906040268457, 0.9152160234899329, 0.9163695469798657, 0.9198825503355704, 0.9195679530201343, 0.9199874161073825, 0.9220322986577181, 0.9251782718120806, 0.927065855704698, 0.9255977348993288, 0.9269609899328859, 0.9298972315436241, 0.930998322147651, 0.9291107382550335, 0.9292156040268457, 0.9320469798657718, 0.9325188758389261, 0.931050755033557, 0.9319421140939598, 0.9333578020134228, 0.9332529362416108, 0.9356648489932886, 0.9346686241610739, 0.9367659395973155, 0.9342491610738255, 0.9376048657718121, 0.9367659395973155, 0.9349307885906041, 0.9352978187919463, 0.9378670302013423, 0.9377097315436241, 0.9396497483221476, 0.9369756711409396, 0.9409081375838926, 0.9382340604026845, 0.9393351510067114, 0.9367659395973155, 0.9390205536912751, 0.9374475671140939, 0.9366610738255033, 0.9373951342281879, 0.9391254194630873, 0.9405935402684564, 0.9392302852348994, 0.9398594798657718, 0.9398594798657718, 0.9396497483221476, 0.9373951342281879, 0.9431103187919463, 0.9382864932885906, 0.94001677852349, 0.9390729865771812, 0.9375, 0.9397546140939598, 0.9402789429530202, 0.941380033557047, 0.9410130033557047, 0.9416421979865772, 0.9386010906040269, 0.9432676174496645], "val_acc": [0.0, 0.0, 0.0, 0.0, 0.0, 0.0, 0.0, 0.0, 0.0, 0.0, 0.0738255033557047, 0.13270763422818793, 0.22976090604026847, 0.303429110738255, 0.35822147651006714, 0.39251258389261745, 0.38595847315436244, 0.4178376677852349, 0.44263842281879195, 0.44667575503355705, 0.5673238255033557, 0.6082739093959731, 0.6350146812080537, 0.6468120805369127, 0.6753355704697986, 0.686189177852349, 0.6877097315436241, 0.692638422818792, 0.6958368288590604, 0.7058515100671141, 0.7188548657718121, 0.7191170302013423, 0.7216338087248322, 0.7227873322147651, 0.7218959731543624, 0.7222630033557047, 0.7193791946308725, 0.7247797818791947, 0.7259333053691275, 0.7197462248322147, 0.7282927852348994, 0.7268246644295302, 0.7301803691275168, 0.7316484899328859, 0.7268770973154363, 0.7276635906040269, 0.7262479026845637, 0.73185822147651, 0.7297609060402684, 0.7308619966442953, 0.7345322986577181, 0.7356333892617449, 0.7341128355704698, 0.7376782718120806, 0.7363674496644296, 0.7338506711409396, 0.7361052852348994, 0.7364198825503355, 0.7357906879194631, 0.7361577181208053, 0.7371539429530202, 0.737049077181208, 0.738202600671141, 0.7372588087248322, 0.7366296140939598, 0.7396182885906041, 0.7376782718120806, 0.7388842281879194, 0.7364723154362416, 0.7386220637583892, 0.738255033557047, 0.7394609899328859, 0.7391988255033557, 0.7381501677852349, 0.7397231543624161, 0.7398280201342282, 0.7388317953020134, 0.7379404362416108, 0.7388317953020134, 0.7372063758389261, 0.738202600671141, 0.7385696308724832, 0.7391988255033557, 0.7388317953020134, 0.7377831375838926, 0.7386220637583892, 0.739513422818792, 0.7390939597315436, 0.7394085570469798, 0.7390939597315436, 0.7420826342281879, 0.7412437080536913, 0.7414534395973155, 0.7410864093959731, 0.7411912751677853, 0.7406669463087249, 0.7413485738255033, 0.7409291107382551, 0.7411388422818792, 0.7412437080536913, 0.7455956375838926, 0.7462248322147651, 0.7455432046979866, 0.7459102348993288, 0.7455432046979866, 0.7453859060402684, 0.7450713087248322, 0.7455956375838926, 0.7457005033557047, 0.7453859060402684], "loss": [0.0, 0.0, 0.0, 0.0, 0.0, 0.0, 0.0, 0.0, 0.0, 0.0, 10.541934480603109, 7.94521603808307, 6.153363624675162, 5.106332522910713, 4.509897280059405, 4.1387347310981495, 3.889589655319316, 3.7121116538975865, 3.5820086034352348, 3.4605713594679863, 3.102453788654916, 2.683256675733016, 2.454959731774042, 2.2689242779008496, 2.101719740253167, 1.9913626733242265, 1.8817633358424142, 1.7824020873780217, 1.6997297018166357, 1.6042563147192834, 1.5043667970887766, 1.4308573375612297, 1.3655442607482808, 1.319811120929334, 1.2873540196642779, 1.264827489052843, 1.2183882758121363, 1.1937405239015617, 1.163750953322289, 1.1482329384592556, 1.1040501562540963, 1.0773799115379386, 1.059959060793755, 1.0462744319998978, 1.0304279579412217, 1.0191431365557164, 1.00767848315655, 0.9850229540927298, 0.9759237210222539, 0.9613351525876346, 0.9478220971638724, 0.9405549172587042, 0.9364777491396705, 0.9217927891936079, 0.9226311897271432, 0.9194248138658152, 0.9094843620421903, 0.899249489275401, 0.8872028265223407, 0.8890693399730145, 0.8867833162314139, 0.8847477284053828, 0.872204698972254, 0.8743965873782267, 0.8722992847429826, 0.869323753670558, 0.8625013624261689, 0.8618789603246139, 0.8592642813720959, 0.8557147203675852, 0.853923416377714, 0.8487149473004694, 0.8511106443885189, 0.8436874899288151, 0.84777784627556, 0.8393079678484258, 0.841200844553493, 0.840817259862119, 0.8401155951839165, 0.8371143793099679, 0.8359873134817853, 0.8326189797996675, 0.8350871417346417, 0.8286723414523489, 0.8350039952553359, 0.8239366656181796, 0.8366199951843928, 0.8289501775031122, 0.8324212479911395, 0.8322644241704237, 0.8357257979028176, 0.82627671276963, 0.8296330159142513, 0.8278064307750471, 0.8289669044065795, 0.8236296456932222, 0.8292971873443399, 0.8289093863244025, 0.8181535053573199, 0.8288726594624103, 0.8240484543294715, 0.82883282635836, 0.8289101295823219, 0.8226822694676035, 0.8240752240155367, 0.8187616215456253, 0.8230753044954082, 0.820429279500206, 0.825616458518393, 0.8150280253999185],