{"val_loss": [0.0, 4.7764387259612215, 4.6250111798982365, 4.193354696840854, 3.735980468827325, 3.306084201142595, 2.875267827833021, 2.7123154305122994, 2.4982046017775663, 2.333051813615335, 2.2579330656979537, 1.8219807325182735, 1.6101687969388188, 1.5268114966315192, 1.3962980943757135, 1.3661439789308083, 1.2595481598699414, 1.2949683932033744, 1.354601450868555, 1.388679083940145, 1.2758866943217613, 1.258681777361277, 1.2613862269633525, 1.2830259324731053, 1.308098783364167, 1.323826798716107, 1.3383970985541473, 1.3551126082201261, 1.379551794077899, 1.3452173366739943, 1.4666591544409056, 1.3983425949070905, 1.3724425257863224, 1.4183039391362988, 1.4425667886798446, 1.4336032102236878, 1.4434492733027484, 1.4707422514219541, 1.5007497797141205, 1.4963833496377275, 1.5261918145257074], "val_acc": [0.0, 0.03526182432432432, 0.05774915540540541, 0.08736275337837837, 0.17124155405405406, 0.22365920608108109, 0.28573690878378377, 0.30252322635135137, 0.33213682432432434, 0.36724028716216217, 0.3915751689189189, 0.49350717905405406, 0.5399070945945946, 0.5702597128378378, 0.5991342905405406, 0.6203019425675675, 0.652027027027027, 0.6541385135135135, 0.6494932432432432, 0.6512880067567568, 0.6763619087837838, 0.6868665540540541, 0.6974767736486487, 0.6947318412162162, 0.6993771114864865, 0.7023331925675675, 0.7043918918918919, 0.7053420608108109, 0.705078125, 0.7133657094594594, 0.7007495777027027, 0.7162690033783784, 0.7185916385135135, 0.7186972128378378, 0.7139991554054054, 0.7181165540540541, 0.7168496621621622, 0.7159522804054054, 0.7120988175675675, 0.7169024493243243, 0.7130489864864865], "loss": [0.0, 4.892556970183914, 4.761149135795799, 4.575954798105601, 4.270997221405442, 3.9468612703117163, 3.600531578063965, 3.3224021969614803, 3.120245453473684, 2.954670171479921, 2.8194298164264575, 2.458338247763144, 1.9825767794170894, 1.6959243980613914, 1.4765479967400834, 1.2820286960215181, 1.1430580752926904, 1.0201677792781108, 0.91724095634512, 0.8090171967003796, 0.7374979893903475, 0.6324482882345045, 0.544020983818415, 0.5014384860122526, 0.4641454227872797, 0.43404041633412643, 0.4060700418981346, 0.3890500419043206, 0.3555266385948336, 0.3450839354379757, 0.3327049121663377, 0.3002205162837699, 0.2798236592395886, 0.26637744319600026, 0.25925393301892924, 0.25160749880848704, 0.24048915102675156, 0.224201201788477, 0.21396904438734055, 0.21372117786794095, 0.2115211821085698], "acc": [0.0, 0.01441089527027027, 0.028135557432432432, 0.046822212837837836, 0.07648859797297297, 0.11328125, 0.14933488175675674, 0.18311866554054054, 0.21405194256756757, 0.23891469594594594, 0.2634079391891892, 0.33092271959459457, 0.4161739864864865, 0.48104940878378377, 0.5358952702702703, 0.5869932432432432, 0.6246304898648649, 0.6645375844594594, 0.6928842905405406, 0.7277766047297297, 0.7540118243243243, 0.7850506756756757, 0.8113914695945946, 0.8263302364864865, 0.8380489864864865, 0.8511402027027027, 0.8606946790540541, 0.8674514358108109, 0.876636402027027, 0.881809543918919, 0.8838682432432432, 0.8968538851351351, 0.9008129222972973, 0.9068306587837838, 0.9096283783783784, 0.9143264358108109, 0.9136402027027027, 0.9230363175675675, 0.9270481418918919, 0.9268369932432432, 0.9277871621621622]}