{"val_loss": [0.0, 11.00023401105726, 9.92425535820626, 8.6742462338628, 7.500984243444495, 6.663223852982393, 6.012288873260085, 5.538616309294829, 5.169965454050012, 4.841845931233586, 4.627786629908794, 3.9492194201495194, 3.6668719053268433, 3.489738606117867, 3.3370219920132613, 3.246359374072101, 3.1975797962498023, 3.0730515557366447, 3.0120912435892464, 2.963656499579146, 2.9408304304689974, 2.8356093619320846, 2.802458988653647, 2.7853496364645056, 2.7477813604715706, 2.7599972873120695, 2.7144086683118664, 2.717142343521118, 2.687427449870754, 2.726096626874563, 2.6506372690200806, 2.6361045321902714, 2.6279403647860966, 2.6146814017682463, 2.588521000501272, 2.595728178282042, 2.5602686179650798, 2.5673375129699707, 2.563026495881983, 2.5604910109494186, 2.5281147538004696], "val_acc": [0.0, 0.05959670608108108, 0.10235430743243243, 0.1551414695945946, 0.2472022804054054, 0.28943201013513514, 0.34258868243243246, 0.36924619932432434, 0.38677153716216217, 0.4154877533783784, 0.4225612331081081, 0.5492504222972973, 0.6047825168918919, 0.6347128378378378, 0.6583086993243243, 0.6714527027027027, 0.675464527027027, 0.6945734797297297, 0.7019108952702703, 0.7076119087837838, 0.7074007601351351, 0.7243982263513513, 0.7265097128378378, 0.7244510135135135, 0.7318412162162162, 0.725559543918919, 0.730152027027027, 0.7274070945945946, 0.7297297297297297, 0.726245777027027, 0.7336887668918919, 0.7365392736486487, 0.7350612331081081, 0.7378589527027027, 0.7369615709459459, 0.7371199324324325, 0.7407622466216216, 0.7383340371621622, 0.7404455236486487, 0.7370143581081081, 0.7393369932432432], "loss": [0.0, 11.541451686137432, 10.559547540303823, 9.535278423412427, 8.502312827754665, 7.6046562903636215, 6.879764144485061, 6.3055097154668855, 5.866787620492883, 5.5261599695360335, 5.2267159384650155, 4.726882122658394, 4.167104969153533, 3.848900372917588, 3.579528911693676, 3.3608868959787728, 3.1513985653181336, 2.979635122660044, 2.831314125576535, 2.6811012029647827, 2.5651821123587117, 2.411216023805979, 2.3219211907000155, 2.249889860282073, 2.1761784005809472, 2.1234384984583468, 2.075473208685179, 2.00709745368442, 1.965776348436201, 1.9102433372188259, 1.8770778936308783, 1.8231539404070056, 1.7854509853027962, 1.756778425461537, 1.7290759908186424, 1.7162214243734204, 1.6879060526151914, 1.6713961701135378, 1.642844813901025, 1.6209553625132587, 1.6058110111468546], "acc": [0.0, 0.014252533783783784, 0.032411317567567564, 0.06635346283783784, 0.1137035472972973, 0.15477195945945946, 0.20053842905405406, 0.23907305743243243, 0.26821157094594594, 0.2855785472972973, 0.30869932432432434, 0.38582136824324326, 0.48178842905405406, 0.5386402027027027, 0.5905299831081081, 0.624683277027027, 0.666965793918919, 0.7016997466216216, 0.7295713682432432, 0.7517947635135135, 0.7728568412162162, 0.8045291385135135, 0.8175147804054054, 0.833667652027027, 0.8460726351351351, 0.8556271114864865, 0.8597972972972973, 0.8728885135135135, 0.876953125, 0.8839738175675675, 0.8892525337837838, 0.9001266891891891, 0.9055637668918919, 0.912109375, 0.9159100506756757, 0.9126372466216216, 0.9195523648648649, 0.9227723817567568, 0.925464527027027, 0.9296875, 0.9297402871621622]}