{"val_loss": [0.0, 3.6607341701919967, 2.9021656706526473, 2.5974734473872827, 2.4365932458155863, 2.3895054443462476, 2.2895206664059615, 2.2748572858604224, 2.3264466427467965, 2.230930041622471, 2.1888600797266573, 1.3199951648712158, 1.1801942031125765, 1.1258069848692096, 1.0969776656176593, 1.1411204595823545, 1.0984459390511383, 1.128224772375983, 1.1297508752023853, 1.151949620730168, 1.1381640337608956, 1.0830452933504775, 1.1190132796764374, 1.0911648418452289, 1.1183900559270703, 1.1408973513422787, 1.157220482826233, 1.147208716418292, 1.157910737636927, 1.174461147269687, 1.1416034746814419, 1.1095685419198629, 1.1394737612556767, 1.144253643783363, 1.1188618830732397, 1.1341307243785343, 1.1275615627701219, 1.135833068473919, 1.1357123432932674, 1.1195656560562752, 1.137815008292327], "val_acc": [0.0, 0.47814611486486486, 0.5252850506756757, 0.5499894425675675, 0.5688872466216216, 0.5675675675675675, 0.5834037162162162, 0.5794974662162162, 0.5688872466216216, 0.5881545608108109, 0.5924303209459459, 0.7798247466216216, 0.7963471283783784, 0.8008340371621622, 0.8065878378378378, 0.7941828547297297, 0.8086465371621622, 0.8000422297297297, 0.8073268581081081, 0.799831081081081, 0.8059543918918919, 0.8188344594594594, 0.8139252533783784, 0.8177259290540541, 0.8138724662162162, 0.8141891891891891, 0.8073796452702703, 0.8140308277027027, 0.8122360641891891, 0.8072740709459459, 0.8129222972972973, 0.8196262668918919, 0.8165118243243243, 0.8187816722972973, 0.8212098817567568, 0.8206820101351351, 0.8220544763513513, 0.8194151182432432, 0.8168813344594594, 0.8198374155405406, 0.8202069256756757], "loss": [0.0, 6.424767057813693, 3.5432212101504406, 3.017744455815074, 2.7918065495911555, 2.6758673175033434, 2.5957458359600003, 2.548136267783218, 2.5108978204841215, 2.481038196204489, 2.4587802817468685, 1.6536048980393574, 1.2025088545363758, 1.0054369063209883, 0.8756805166535313, 0.7786827436209794, 0.7032083990595266, 0.6393640475244622, 0.5904579116045449, 0.5492262681458919, 0.512236717770987, 0.41153607917295265, 0.37636318399678076, 0.357179376420597, 0.341854271978719, 0.3283699109860778, 0.32007174025692037, 0.3088886772347851, 0.29797958192848484, 0.2905347352159754, 0.28304811249666684, 0.2525413850675962, 0.24002933191477985, 0.23567478748536788, 0.2314650035492508, 0.22600004957885841, 0.22194339288189807, 0.21986307242748804, 0.2159961594661255, 0.21288306830709824, 0.20970674075175116], "acc": [0.0, 0.2497810397982063, 0.4339645226083707, 0.47506481221973096, 0.4970250607249626, 0.5103144852391629, 0.5217909192825112, 0.5266080437219731, 0.531460201793722, 0.5374334360986547, 0.5404726036995515, 0.7176727158071748, 0.8027256165919282, 0.8393591180866966, 0.8632403774289985, 0.882882567264574, 0.8981484725336323, 0.9115546758221226, 0.9212648309043349, 0.9297955203662183, 0.9373919796337817, 0.9559014153587444, 0.9631650551195815, 0.9671442918535127, 0.9699061098654709, 0.972469403961136, 0.9736926616218237, 0.9756341087443946, 0.9769799841180867, 0.9780485099028401, 0.9787316657324364, 0.9833969777653214, 0.9852771160313901, 0.985931077167414, 0.9863456418161435, 0.9871630932361734, 0.9875367853139013, 0.9873557782137519, 0.9878637658819133, 0.9882170216741405, 0.9884476597533632]}