{"val_loss": [0.0, 4.759222449483098, 4.565869176709974, 4.081332213169819, 3.5195127532288835, 3.0698698533547892, 2.735586324253598, 2.5261054844469637, 2.344171913894447, 2.2073398087475753, 2.117867247478382, 1.6334928548013843, 1.4676076157672986, 1.3270397170169934, 1.3469505680573952, 1.2824724171612714, 1.2544441408402212, 1.2446527682446145, 1.2585071349466168, 1.2451919615268707, 1.2788549718019124, 1.3771757604302586, 1.3434403297063466, 1.3382721462765255, 1.367277298424695, 1.3377501142991555, 1.4037295048301284, 1.442832877507081, 1.4180969144846942, 1.4990012025510944, 1.4665575881262083, 1.5114848001583203, 1.4923276788479574, 1.5027901594703261, 1.4873307991672207, 1.552217172609793, 1.574643864019497, 1.5283393167160653, 1.5548698902130127, 1.5736078732722514, 1.5822078964194737], "val_acc": [0.0, 0.05970228040540541, 0.09279983108108109, 0.14009712837837837, 0.2117820945945946, 0.27407094594594594, 0.3288112331081081, 0.36586782094594594, 0.39711782094594594, 0.4182326858108108, 0.44151182432432434, 0.556640625, 0.6045713682432432, 0.6351351351351351, 0.6432643581081081, 0.6648543074324325, 0.6771537162162162, 0.6857052364864865, 0.6998521959459459, 0.7036000844594594, 0.7072951858108109, 0.7098289695945946, 0.7130489864864865, 0.7186444256756757, 0.7179054054054054, 0.7251372466216216, 0.7176942567567568, 0.7154771959459459, 0.7223923141891891, 0.7204919763513513, 0.7279877533783784, 0.7292018581081081, 0.7312077702702703, 0.729465793918919, 0.7317356418918919, 0.7287795608108109, 0.7280933277027027, 0.730152027027027, 0.7304159628378378, 0.7328969594594594, 0.730785472972973], "loss": [0.0, 4.88958316235929, 4.752725272565274, 4.54334088918325, 4.184575064762218, 3.8047826644536613, 3.473021481488202, 3.2154209678237504, 3.0042822328773706, 2.8466777350451493, 2.697044359671103, 2.328974108438234, 1.796050186092789, 1.4994488197403986, 1.2395477359359328, 1.0603927357776746, 0.8782784439421989, 0.7475528620384835, 0.6577854446462683, 0.5467070780090384, 0.4628794003982802, 0.37762588262557983, 0.3180347403159013, 0.28453737879927093, 0.2477082871907466, 0.228549217251507, 0.19961295377563787, 0.1891857479271051, 0.1652533178393905, 0.1515748465584742, 0.1372888833284378, 0.12573501427431363, 0.10212359602588254, 0.10343745491794638, 0.09517247657719496, 0.08847794334429342, 0.08470491143698627, 0.08527309140442191, 0.0776161788836927, 0.07389574122892038, 0.06664672390734022], "acc": [0.0, 0.013513513513513514, 0.030616554054054054, 0.06582559121621621, 0.10969172297297297, 0.15297719594594594, 0.19394003378378377, 0.23057432432432431, 0.2600295608108108, 0.2902766047297297, 0.31165540540540543, 0.38555743243243246, 0.5043285472972973, 0.5643475506756757, 0.6330236486486487, 0.6807432432432432, 0.7324746621621622, 0.7710620777027027, 0.7952913851351351, 0.8302364864864865, 0.8547297297297297, 0.8799619932432432, 0.8976984797297297, 0.911106418918919, 0.9225084459459459, 0.9307432432432432, 0.936497043918919, 0.9414590371621622, 0.9484797297297297, 0.953441722972973, 0.9564505912162162, 0.9608319256756757, 0.9686972128378378, 0.9688555743243243, 0.971019847972973, 0.9730257601351351, 0.974609375, 0.9738175675675675, 0.9764569256756757, 0.9774598817567568, 0.9808382601351351]}